-- MySQL dump 10.13  Distrib 8.0.20, for Win64 (x86_64)
--
-- Host: localhost    Database: FurnitureFirm
-- ------------------------------------------------------
-- Server version	8.0.20

/*!40101 SET @OLD_CHARACTER_SET_CLIENT=@@CHARACTER_SET_CLIENT */;
/*!40101 SET @OLD_CHARACTER_SET_RESULTS=@@CHARACTER_SET_RESULTS */;
/*!40101 SET @OLD_COLLATION_CONNECTION=@@COLLATION_CONNECTION */;
/*!40103 SET @OLD_TIME_ZONE=@@TIME_ZONE */;
/*!40103 SET TIME_ZONE='+00:00' */;
/*!40014 SET @OLD_UNIQUE_CHECKS=@@UNIQUE_CHECKS, UNIQUE_CHECKS=0 */;
/*!40014 SET @OLD_FOREIGN_KEY_CHECKS=@@FOREIGN_KEY_CHECKS, FOREIGN_KEY_CHECKS=0 */;
/*!40101 SET @OLD_SQL_MODE=@@SQL_MODE, SQL_MODE='NO_AUTO_VALUE_ON_ZERO' */;
/*!40111 SET @OLD_SQL_NOTES=@@SQL_NOTES, SQL_NOTES=0 */;

--
-- Table structure for table `cequipmentsoperations`
--

DROP TABLE IF EXISTS `cequipmentsoperations`;
/*!40101 SET @saved_cs_client     = @@character_set_client */;
/*!50503 SET character_set_client = utf8mb4 */;
CREATE TABLE `cequipmentsoperations` (
  `equipmentId` int NOT NULL,
  `operationId` int NOT NULL,
  PRIMARY KEY (`equipmentId`,`operationId`),
  KEY `operationId` (`operationId`),
  CONSTRAINT `cequipmentsoperations_ibfk_1` FOREIGN KEY (`operationId`) REFERENCES `operations` (`operationId`) ON DELETE CASCADE ON UPDATE CASCADE,
  CONSTRAINT `cequipmentsoperations_ibfk_2` FOREIGN KEY (`equipmentId`) REFERENCES `equipments` (`equipmentId`) ON DELETE CASCADE ON UPDATE CASCADE
) ENGINE=InnoDB DEFAULT CHARSET=utf8mb4 COLLATE=utf8mb4_0900_ai_ci;
/*!40101 SET character_set_client = @saved_cs_client */;

--
-- Dumping data for table `cequipmentsoperations`
--

LOCK TABLES `cequipmentsoperations` WRITE;
/*!40000 ALTER TABLE `cequipmentsoperations` DISABLE KEYS */;
/*!40000 ALTER TABLE `cequipmentsoperations` ENABLE KEYS */;
UNLOCK TABLES;

--
-- Table structure for table `cfragmentsfurnitures`
--

DROP TABLE IF EXISTS `cfragmentsfurnitures`;
/*!40101 SET @saved_cs_client     = @@character_set_client */;
/*!50503 SET character_set_client = utf8mb4 */;
CREATE TABLE `cfragmentsfurnitures` (
  `fragmentId` int NOT NULL,
  `furnitureId` int NOT NULL,
  PRIMARY KEY (`fragmentId`,`furnitureId`),
  KEY `furnitureId` (`furnitureId`),
  CONSTRAINT `cfragmentsfurnitures_ibfk_1` FOREIGN KEY (`fragmentId`) REFERENCES `fragments` (`fragmentId`) ON DELETE CASCADE ON UPDATE CASCADE,
  CONSTRAINT `cfragmentsfurnitures_ibfk_2` FOREIGN KEY (`furnitureId`) REFERENCES `furnitures` (`furnitureId`) ON DELETE CASCADE ON UPDATE CASCADE
) ENGINE=InnoDB DEFAULT CHARSET=utf8mb4 COLLATE=utf8mb4_0900_ai_ci;
/*!40101 SET character_set_client = @saved_cs_client */;

--
-- Dumping data for table `cfragmentsfurnitures`
--

LOCK TABLES `cfragmentsfurnitures` WRITE;
/*!40000 ALTER TABLE `cfragmentsfurnitures` DISABLE KEYS */;
/*!40000 ALTER TABLE `cfragmentsfurnitures` ENABLE KEYS */;
UNLOCK TABLES;

--
-- Table structure for table `cfragmentsoperations`
--

DROP TABLE IF EXISTS `cfragmentsoperations`;
/*!40101 SET @saved_cs_client     = @@character_set_client */;
/*!50503 SET character_set_client = utf8mb4 */;
CREATE TABLE `cfragmentsoperations` (
  `fragmentId` int NOT NULL,
  `operationId` int NOT NULL,
  PRIMARY KEY (`fragmentId`,`operationId`),
  KEY `operationId` (`operationId`),
  CONSTRAINT `cfragmentsoperations_ibfk_1` FOREIGN KEY (`fragmentId`) REFERENCES `fragments` (`fragmentId`) ON DELETE CASCADE ON UPDATE CASCADE,
  CONSTRAINT `cfragmentsoperations_ibfk_2` FOREIGN KEY (`operationId`) REFERENCES `operations` (`operationId`) ON DELETE CASCADE ON UPDATE CASCADE
) ENGINE=InnoDB DEFAULT CHARSET=utf8mb4 COLLATE=utf8mb4_0900_ai_ci;
/*!40101 SET character_set_client = @saved_cs_client */;

--
-- Dumping data for table `cfragmentsoperations`
--

LOCK TABLES `cfragmentsoperations` WRITE;
/*!40000 ALTER TABLE `cfragmentsoperations` DISABLE KEYS */;
/*!40000 ALTER TABLE `cfragmentsoperations` ENABLE KEYS */;
UNLOCK TABLES;

--
-- Table structure for table `cmaterialsfurnitures`
--

DROP TABLE IF EXISTS `cmaterialsfurnitures`;
/*!40101 SET @saved_cs_client     = @@character_set_client */;
/*!50503 SET character_set_client = utf8mb4 */;
CREATE TABLE `cmaterialsfurnitures` (
  `materialId` int NOT NULL,
  `furnitureId` int NOT NULL,
  PRIMARY KEY (`materialId`,`furnitureId`),
  KEY `furnitureId` (`furnitureId`),
  CONSTRAINT `cmaterialsfurnitures_ibfk_1` FOREIGN KEY (`materialId`) REFERENCES `materials` (`materialId`) ON DELETE CASCADE ON UPDATE CASCADE,
  CONSTRAINT `cmaterialsfurnitures_ibfk_2` FOREIGN KEY (`furnitureId`) REFERENCES `furnitures` (`furnitureId`) ON DELETE CASCADE ON UPDATE CASCADE
) ENGINE=InnoDB DEFAULT CHARSET=utf8mb4 COLLATE=utf8mb4_0900_ai_ci;
/*!40101 SET character_set_client = @saved_cs_client */;

--
-- Dumping data for table `cmaterialsfurnitures`
--

LOCK TABLES `cmaterialsfurnitures` WRITE;
/*!40000 ALTER TABLE `cmaterialsfurnitures` DISABLE KEYS */;
/*!40000 ALTER TABLE `cmaterialsfurnitures` ENABLE KEYS */;
UNLOCK TABLES;

--
-- Table structure for table `cmaterialsspecializations`
--

DROP TABLE IF EXISTS `cmaterialsspecializations`;
/*!40101 SET @saved_cs_client     = @@character_set_client */;
/*!50503 SET character_set_client = utf8mb4 */;
CREATE TABLE `cmaterialsspecializations` (
  `specializationId` int NOT NULL,
  `materialId` int NOT NULL,
  PRIMARY KEY (`specializationId`,`materialId`),
  KEY `materialId` (`materialId`),
  CONSTRAINT `cmaterialsspecializations_ibfk_1` FOREIGN KEY (`materialId`) REFERENCES `materials` (`materialId`) ON DELETE CASCADE ON UPDATE CASCADE,
  CONSTRAINT `cmaterialsspecializations_ibfk_2` FOREIGN KEY (`specializationId`) REFERENCES `specializations` (`specializationId`) ON DELETE CASCADE ON UPDATE CASCADE
) ENGINE=InnoDB DEFAULT CHARSET=utf8mb4 COLLATE=utf8mb4_0900_ai_ci;
/*!40101 SET character_set_client = @saved_cs_client */;

--
-- Dumping data for table `cmaterialsspecializations`
--

LOCK TABLES `cmaterialsspecializations` WRITE;
/*!40000 ALTER TABLE `cmaterialsspecializations` DISABLE KEYS */;
/*!40000 ALTER TABLE `cmaterialsspecializations` ENABLE KEYS */;
UNLOCK TABLES;

--
-- Table structure for table `cproductsfragments`
--

DROP TABLE IF EXISTS `cproductsfragments`;
/*!40101 SET @saved_cs_client     = @@character_set_client */;
/*!50503 SET character_set_client = utf8mb4 */;
CREATE TABLE `cproductsfragments` (
  `fragmentId` int NOT NULL,
  `productId` int DEFAULT NULL,
  PRIMARY KEY (`fragmentId`),
  KEY `productId` (`productId`),
  CONSTRAINT `cproductsfragments_ibfk_1` FOREIGN KEY (`productId`) REFERENCES `products` (`productId`) ON DELETE CASCADE ON UPDATE CASCADE,
  CONSTRAINT `cproductsfragments_ibfk_2` FOREIGN KEY (`fragmentId`) REFERENCES `fragments` (`fragmentId`) ON DELETE CASCADE ON UPDATE CASCADE
) ENGINE=InnoDB DEFAULT CHARSET=utf8mb4 COLLATE=utf8mb4_0900_ai_ci;
/*!40101 SET character_set_client = @saved_cs_client */;

--
-- Dumping data for table `cproductsfragments`
--

LOCK TABLES `cproductsfragments` WRITE;
/*!40000 ALTER TABLE `cproductsfragments` DISABLE KEYS */;
/*!40000 ALTER TABLE `cproductsfragments` ENABLE KEYS */;
UNLOCK TABLES;

--
-- Table structure for table `cresultorders_products`
--

DROP TABLE IF EXISTS `cresultorders_products`;
/*!40101 SET @saved_cs_client     = @@character_set_client */;
/*!50503 SET character_set_client = utf8mb4 */;
CREATE TABLE `cresultorders_products` (
  `productId` int NOT NULL,
  `orderId` int DEFAULT NULL,
  PRIMARY KEY (`productId`),
  KEY `orderId` (`orderId`),
  CONSTRAINT `cresultorders_products_ibfk_1` FOREIGN KEY (`orderId`) REFERENCES `resultorders` (`orderId`) ON DELETE CASCADE ON UPDATE CASCADE,
  CONSTRAINT `cresultorders_products_ibfk_2` FOREIGN KEY (`productId`) REFERENCES `products` (`productId`) ON DELETE CASCADE ON UPDATE CASCADE
) ENGINE=InnoDB DEFAULT CHARSET=utf8mb4 COLLATE=utf8mb4_0900_ai_ci;
/*!40101 SET character_set_client = @saved_cs_client */;

--
-- Dumping data for table `cresultorders_products`
--

LOCK TABLES `cresultorders_products` WRITE;
/*!40000 ALTER TABLE `cresultorders_products` DISABLE KEYS */;
/*!40000 ALTER TABLE `cresultorders_products` ENABLE KEYS */;
UNLOCK TABLES;

--
-- Table structure for table `equipments`
--

DROP TABLE IF EXISTS `equipments`;
/*!40101 SET @saved_cs_client     = @@character_set_client */;
/*!50503 SET character_set_client = utf8mb4 */;
CREATE TABLE `equipments` (
  `equipmentId` int NOT NULL AUTO_INCREMENT,
  `equipmentName` tinytext,
  PRIMARY KEY (`equipmentId`)
) ENGINE=InnoDB DEFAULT CHARSET=utf8mb4 COLLATE=utf8mb4_0900_ai_ci;
/*!40101 SET character_set_client = @saved_cs_client */;

--
-- Dumping data for table `equipments`
--

LOCK TABLES `equipments` WRITE;
/*!40000 ALTER TABLE `equipments` DISABLE KEYS */;
/*!40000 ALTER TABLE `equipments` ENABLE KEYS */;
UNLOCK TABLES;

--
-- Table structure for table `fragments`
--

DROP TABLE IF EXISTS `fragments`;
/*!40101 SET @saved_cs_client     = @@character_set_client */;
/*!50503 SET character_set_client = utf8mb4 */;
CREATE TABLE `fragments` (
  `fragmentId` int NOT NULL AUTO_INCREMENT,
  `count` int DEFAULT NULL,
  PRIMARY KEY (`fragmentId`)
) ENGINE=InnoDB DEFAULT CHARSET=utf8mb4 COLLATE=utf8mb4_0900_ai_ci;
/*!40101 SET character_set_client = @saved_cs_client */;

--
-- Dumping data for table `fragments`
--

LOCK TABLES `fragments` WRITE;
/*!40000 ALTER TABLE `fragments` DISABLE KEYS */;
/*!40000 ALTER TABLE `fragments` ENABLE KEYS */;
UNLOCK TABLES;

--
-- Table structure for table `fragmenttypes`
--

DROP TABLE IF EXISTS `fragmenttypes`;
/*!40101 SET @saved_cs_client     = @@character_set_client */;
/*!50503 SET character_set_client = utf8mb4 */;
CREATE TABLE `fragmenttypes` (
  `fragmentTypeId` int NOT NULL AUTO_INCREMENT,
  `fragmentTypeName` tinytext,
  PRIMARY KEY (`fragmentTypeId`)
) ENGINE=InnoDB AUTO_INCREMENT=17 DEFAULT CHARSET=utf8mb4 COLLATE=utf8mb4_0900_ai_ci;
/*!40101 SET character_set_client = @saved_cs_client */;

--
-- Dumping data for table `fragmenttypes`
--

LOCK TABLES `fragmenttypes` WRITE;
/*!40000 ALTER TABLE `fragmenttypes` DISABLE KEYS */;
INSERT INTO `fragmenttypes` VALUES (1,'??????'),(2,'???????'),(3,'????????'),(4,'????'),(5,'?????'),(6,'?????'),(7,'?????'),(8,'???????'),(9,'????????'),(10,'?????? ?????????'),(11,'??????'),(12,'????????? ? ???????????'),(13,'??????????????'),(14,'?????'),(15,'??????????'),(16,'??????');
/*!40000 ALTER TABLE `fragmenttypes` ENABLE KEYS */;
UNLOCK TABLES;

--
-- Table structure for table `furnitures`
--

DROP TABLE IF EXISTS `furnitures`;
/*!40101 SET @saved_cs_client     = @@character_set_client */;
/*!50503 SET character_set_client = utf8mb4 */;
CREATE TABLE `furnitures` (
  `furnitureId` int NOT NULL AUTO_INCREMENT,
  `article` tinytext,
  `furnitureName` tinytext,
  `count` int DEFAULT NULL,
  `measureId` int DEFAULT NULL,
  `fragmentTypeId` int DEFAULT NULL,
  `price` decimal(10,2) DEFAULT NULL,
  PRIMARY KEY (`furnitureId`),
  KEY `measureId` (`measureId`),
  KEY `fragmentTypeId` (`fragmentTypeId`),
  CONSTRAINT `furnitures_ibfk_1` FOREIGN KEY (`measureId`) REFERENCES `measures` (`measureId`) ON DELETE CASCADE ON UPDATE CASCADE,
  CONSTRAINT `furnitures_ibfk_2` FOREIGN KEY (`fragmentTypeId`) REFERENCES `fragmenttypes` (`fragmentTypeId`) ON DELETE CASCADE ON UPDATE CASCADE
) ENGINE=InnoDB AUTO_INCREMENT=967 DEFAULT CHARSET=utf8mb4 COLLATE=utf8mb4_0900_ai_ci;
/*!40101 SET character_set_client = @saved_cs_client */;

--
-- Dumping data for table `furnitures`
--

LOCK TABLES `furnitures` WRITE;
/*!40000 ALTER TABLE `furnitures` DISABLE KEYS */;
INSERT INTO `furnitures` VALUES (1,'PN 63','?????? 6 ? 30 ?????, ???????',2302,1,1,1.13),(2,'PN 84','?????? 8 ? 40 ?????, ???????',1018,1,1,1.91),(3,'4006 0805/3,5?15','??????? ? ???????? ???????? ??? ????? 3.5 ? 15',2122,1,2,0.42),(4,'6 01033 50 ZN','LIKU ??????? ? ??????????? ???????? ??? ????? ??? ????????? ?????????? ??????',1420,1,2,4.24),(5,'SW5,0 X 35 KB/??','??????? ? ?????????????? ???????? ? ?????????? ??????????????',544,1,2,4.68),(6,'SW6,0 X 35 KB/??','??????? ? ?????????????? ???????? ? ?????????? ??????????????',1176,1,2,4.68),(7,'US3,0 X 13 KB/1000??','??????? ? ???????? ???????? ??? ?????, 3 ? 13',767,6,2,269.86),(8,'US3,0 X 16 KB/1000??','??????? ? ???????? ???????? ??? ?????, 3 ? 16',2088,6,2,301.87),(9,'US3,0 X 20 KB/1000??','??????? ? ???????? ???????? ??? ?????, 3 ? 20',699,6,2,350.93),(10,'US3,0 X 30 KB/1000??','??????? ? ???????? ???????? ??? ?????, 3 ? 30',699,6,2,450.09),(11,'US3,5 X 13 KB/1000??','??????? ? ???????? ???????? ??? ?????, 3.5 ? 13',1132,6,2,264.84),(12,'US3,5 X 16 BL/100??','??????? ? ???????? ???????? ??? ?????, 3.5 ? 16, ??????',2751,6,2,61.85),(13,'US3,5 X 16 KB/1000??','??????? ? ???????? ???????? ??? ?????, 3.5 ? 16',2707,6,2,299.47),(14,'US3,5 X 20 KB/1000??','??????? ? ???????? ???????? ??? ?????, 3.5 ? 20',2708,6,2,357.00),(15,'US3,5 X 25 KB/1000??','??????? ? ???????? ???????? ??? ?????, 3.5 ? 25',1192,6,2,403.87),(16,'US3,5 X 30 KB/1000??','??????? ? ???????? ???????? ??? ?????, 3.5 ? 30',710,6,2,431.85),(17,'US3,5 X 40 KB/1000??','??????? ? ???????? ???????? ??? ?????, 3.5 ? 40',1355,6,2,604.53),(18,'US3,5 X 60 KB/250??','??????? ? ???????? ???????? ??? ?????, 3.5 ? 60',1504,6,2,262.86),(19,'US4,0 X 16 BL/100??','??????? ? ???????? ???????? ??? ?????, 4 ? 16, ??????',334,6,2,70.54),(20,'US4,0 X 16 KB/1000??','??????? ? ???????? ???????? ??? ?????, 4 ? 16',1634,6,2,368.53),(21,'US4,0 X 20 KB/500??','??????? ? ???????? ???????? ??? ?????, 4 ? 20',1224,6,2,209.57),(22,'US4,0 X 25 KB/500??','??????? ? ???????? ???????? ??? ?????, 4 ? 25',137,6,2,241.87),(23,'US4,0 X 30 KB/500??','??????? ? ???????? ???????? ??? ?????, 4 ? 30',1596,6,2,290.28),(24,'US4,0 X 40 KB/500??','??????? ? ???????? ???????? ??? ?????, 4 ? 40',2868,6,2,333.96),(25,'US6,0 X 30 KB/1000??','??????? ? ?????. ???????? ??? ?????',1575,6,2,316.52),(26,'US6,0 X 30 KB/100??','??????? ? ?????. ???????? ??? ?????',1718,6,2,30.50),(27,'UW3,0 X 50 KB/1000??','??????? ? ??????????? ???????? ??? ?????',277,6,2,200.00),(28,'UW3,0 X 50 KB/100??','??????? ? ??????????? ???????? ??? ?????',1458,6,2,20.00),(29,'UW4,0 X 30 KB/1000??','??????? ? ??????????? ???????? ??? ?????',2933,6,2,1046.77),(30,'6,3 ? 13 V? 05','???????? ? ???????? ????????, 6.3 ? 13',1033,9,3,679.45),(31,'EC 4.0X13.0','???????? ? ???????? ????????, 4.0 X 13',1326,9,3,484.65),(32,'EC 6.0X11.5 / ??','???????? ? ???????? ????????, 6.0 X 11.5',2521,1,3,0.78),(33,'EC 6.3X13.0','???????? ? ???????? ????????, 6.3 X 13',2482,9,3,679.45),(34,'EC 6.3X16.0/ 100 ??','???????? ? ???????? ????????, 6.3 X 16',1619,6,3,106.44),(35,'EC 6.3X20.0/ 100 ??','???????? ? ???????? ????????, 6.3 X 20',1237,6,3,130.97),(36,'V6310/F','???????? ? ??????????? ???????? ??? ???????? ????????? ???????? ??????, 6.3 X 10.6',1202,1,3,2.19),(37,'V6313','???????? ? ??????????? ????????, 6.3 X 13',1502,1,3,2.33),(38,'VS05FZ','???????? ? ???????? ???????? ??? ????????? ?????? ?????? FM20, 6.3 ? 14',2499,1,3,2.40),(39,'2600 950 M4X9,5','???? ? ???????? ???????? ??? ?????, M4 ? 9.5',469,1,4,2.76),(40,'501-05 (M6X30)','???? ? ???????? ???????? ??? ????????????, M6 X 30',2446,1,4,2.97),(41,'502-05 (M6X80)','???? ?????? ??????? ? ???????? ???????? ??? ????????????, M6 X 80',2455,1,4,5.80),(42,'503-05 (M6X70)','???? ?????? ??????? ? ???????? ???????? ??? ????????????, M6 X 70',144,1,4,5.02),(43,'504-05 (M6X120)','???? ?????? ??????? ? ???????? ???????? ??? ????????????, M6 X 120',2491,1,4,9.12),(44,'505-05 (M6X90)','???? ?????? ??????? ? ???????? ???????? ??? ????????????, M6 X 90',1336,1,4,7.35),(45,'506-05 (M6X60)','???? ?????? ??????? ? ???????? ???????? ??? ????????????, M6 X 60',2484,1,4,4.81),(46,'506-50 (M6X50)','???? ?????? ??????? ? ??????? ???????? ??? ????????????, M6 X 50',2936,1,4,3.05),(47,'506-60 (M6X60)','???? ?????? ??????? ? ??????? ???????? ??? ????????????, M6 X 60',310,1,4,3.78),(48,'506-70 (M6X70)','???? ?????? ??????? ? ??????? ???????? ??? ????????????, M6 X 70',2827,1,4,4.10),(49,'506-80 (M6X80)','???? ?????? ??????? ? ??????? ???????? ??? ????????????, M6 X 80',2238,1,4,4.52),(50,'507-05 (M6X50)','???? ?????? ??????? ? ???????? ???????? ??? ????????????, M6 X 50',1991,1,4,3.39),(51,'H6K 6.0 X 60 B','???? ? ???????????? ????????, 6.0 X60',301,1,4,0.18),(52,'SI M5 X 30 BN','???? ? ?????????????? ???????? ? ???????? ???????, M5 X 30',2202,1,4,0.65),(53,'VT4302B1','???? ?????? ??????? ? ???????? ???????? ??? ????????????, M6 X 80',219,1,4,4.76),(54,'WPM M4 X10 IB/100??','???? ? ??????????? ???????? ??? ?????, M4 X 10',1502,6,4,72.23),(55,'WPM M4 X20 IB/100??','???? ? ??????????? ???????? ??? ?????, M4 X 20',358,6,4,100.22),(56,'WPM M4 X22 IB/100??','???? ? ??????????? ???????? ??? ?????, M4 X 22',1701,6,4,103.97),(57,'G226V','???????? ???????????? Mini 12 ???????, ?????? ???????',382,1,5,3.05),(58,'WPM M4 X25 IB/100??','???? ? ??????????? ???????? ??? ?????, M4 X 25',2372,6,4,100.93),(59,'WPM M4 X40 IB/100??','???? ? ??????????? ???????? ??? ?????, M4 X 40',470,6,4,157.33),(60,'WPM M4 X8 IB/100??','???? ? ??????????? ???????? ??? ?????, M4 X 8',2771,6,4,69.05),(61,'WPM M5 X12 IB/??','???? ? ??????????? ???????? ??? ?????, M5 X 12',199,1,4,2.54),(62,'WS M5 X50KB/??','???? ? ?????. ???????? ??? ?????, M5 X50',1168,1,4,0.25),(63,'WS M6X12KB/??','???? ? ???????? ???????? ??? ?????, M6 X 12',1141,1,4,0.75),(64,'ZZ150 M4 X45 IB/??','???? ? ??????????? ???????? ??? ?????, M4 X 45, ?????????????, ??????',2679,1,4,1.91),(65,'BP01','????? ??? ????? ????????? ?6',86,1,6,2.38),(66,'BP01/CH','????? ??? ????? ????????? ?6',289,1,6,2.62),(67,'BP02','????? ??? ????? ????????? ?8',2063,1,6,3.62),(68,'BP02/CH','????? ??? ????? ????????? ?8',1321,1,6,3.89),(69,'BP03','????? ??? ????? ????????? ?10',2578,1,6,6.01),(70,'C019','????? ?????? M6',858,1,6,1.13),(71,'C020','????? ?????? M8',2039,1,6,1.41),(72,'C021','????? ?????? M10',1403,1,6,2.05),(73,'N M8 B','????? ???????????? M8',273,1,6,1.98),(74,'NE M5 B','????? ERICSONA M5',2166,1,6,10.11),(75,'NE M6 B','????? ERICSONA M6',2640,1,6,7.28),(76,'NK M10 B','????? ??????????? M10',428,1,6,1.67),(77,'SP M8','????? ??????? ??? ????? ?8',1698,1,7,5.51),(78,'TN M8 B','????? \"??????????\"\" ?8\"',203,1,6,5.23),(79,'D009 M4X40','??????? ??????./???????, M4X40',2523,1,8,0.15),(80,'D011 M8X60','??????? ???????????/???????, M8 X 60',1684,1,8,4.17),(81,'D012 M10X60','??????? ??????./???????, M10X60',1636,1,8,0.40),(82,'09.0020.013.50.54','???????? ?????????. ??????, D13 /??. 20 ??.',467,6,9,19.90),(83,'09.0020.013.50.5H','???????? ?????????. ????, D13 /??. 20 ??.',2642,6,9,7.64),(84,'09.0020.013.50.70','???????? ?????????. ???, D13 /??. 20 ??.',2369,6,9,6.90),(85,'09.0020.013.50.7L','???????? ?????????. ?????, D13 /??. 20 ??.',2863,6,9,5.00),(86,'09.0020.013.50.7S','???????? ?????????. ???????, D13/??. 20 ??..',1919,6,9,7.65),(87,'09.0020.013.50.C01','???????? ?????????. ???? ?????, D13/??. 20 ??.',2685,6,9,6.90),(88,'09.0020.013.50.C13','???????? ?????????. ????, D13 /??. 20 ??.',1863,6,9,6.90),(89,'09.0040.013.50.4G','???????? ?????????. ??????? ?????, D13 /??. 25 ??.',2568,6,9,2.50),(90,'09.0040.013.50.4L','???????? ?????????. ?????? ?????, D13 /??. 25 ??.',509,6,9,2.50),(91,'09.0040.013.50.54','???????? ?????????. ??????, D13 /??. 25 ??.',550,6,9,9.07),(92,'09.0040.013.50.7S','???????? ?????????. ???????, D13/??. 25 ??..',1047,6,9,27.57),(93,'09.0040.013.50.?13','???????? ?????????. ????, D13 /??. 25 ??.',842,6,9,27.57),(94,'09.0040.020.50.1D','???????? ?????????. ?????, D20/??. 15 ??.',2351,6,9,2.50),(95,'09.0040.020.50.2?','???????? ?????????. ???, D20/??. 15 ??.',1352,6,9,9.44),(96,'09.0040.020.50.4L','???????? ?????????. ?????? ?????, D20/??. 15 ??.',2505,6,9,4.95),(97,'09.0040.020.50.4M','???????? ?????????. ?????, D20/??. 15 ??.',2889,6,9,14.57),(98,'09.0040.020.50.70','???????? ?????????. ???, D20/??. 15 ??.',271,6,9,8.97),(99,'09.0040.020.50.C01','???????? ?????????. ???? ?????, D20/??. 15 ??.',346,6,9,2.50),(100,'13.005-HM','???????? ????????????? ???? ?????, D13 ?? (63 ??.)',1431,6,9,27.64),(101,'13.006-HM','???????? ????????????? ??? ???????, D13 ?? (63 ??.)',1160,6,9,27.64),(102,'13.010-HD','???????? ????????????? ??????, D13 ?? (63 ??.)',1980,6,9,27.64),(103,'13.020-HD','???????? ????????????? ?????, D13 ?? (63 ??.)',1440,6,9,27.64),(104,'13.022-HM','???????? ????????????? ????? ????????, D13 ?? (63 ??.)',468,6,9,27.64),(105,'13.025-HD','???????? ????????????? ???????, D13 ?? (63 ??.)',333,6,9,27.64),(106,'13.030-HD','???????? ????????????? ??????? ??????????, D13 ?? (63 ??.)',1287,6,9,27.64),(107,'13.032-HM','???????? ????????????? ?????? ???????, D13 ?? (63 ??.)',2380,6,9,27.64),(108,'13.048-HM','???????? ????????????? ???????, D13 ?? (63 ??.)',910,6,9,27.64),(109,'13.050-HM','???????? ????????????? ??????? ?????, D13 ?? (63 ??.)',221,6,9,27.64),(110,'13.071-HM','???????? ????????????? ???, D13 ?? (63 ??.)',1058,6,9,27.64),(111,'13.074-HM','???????? ????????????? ????? ???????, D13 ?? (63 ??.)',2603,6,9,27.64),(112,'13.076-HM','???????? ????????????? ????, D13 ?? (63 ??.)',2762,6,9,27.64),(113,'13.079-HM','???????? ????????????? ?????, D13 ?? (63 ??.)',203,6,9,27.64),(114,'13.080-HD','???????? ????????????? ??????-?????, D13 ?? (63 ??.)',609,6,9,27.64),(115,'13.092-HM','???????? ????????????? ????, D13 ?? (63 ??.)',2331,6,9,27.64),(116,'13.103-HM','???????? ????????????? ?????? ?????, D13 ?? (63 ??.)',2068,6,9,27.64),(117,'13.115-HM','???????? ????????????? ???, D13 ?? (63 ??.)',197,6,9,27.64),(118,'13.131-HD','???????? ????????????? ???????, D13 ?? (63 ??.)',468,6,9,27.64),(119,'13.135-HM','???????? ????????????? ??? ????????, D13 ?? (63 ??.)',1154,6,9,27.64),(120,'13.158-HM','???????? ????????????? ??? ???????, D13 ?? (63 ??.)',2194,6,9,27.64),(121,'13.576-HD','???????? ????????????? ??????, D13 ?? (63 ??.)',692,6,9,27.64),(122,'13.621-HD','???????? ????????????? ?????, D13 ?? (63 ??.)',2773,6,9,27.64),(123,'2 30110 10 AB','SPIRAL LOCK ???????? ??? ??????, ?????',2652,1,9,3.75),(124,'2 30110 10 MK','SPIRAL LOCK ???????? ??? ??????, ??????????',2803,1,9,3.75),(125,'2 30110 10 ??','SPIRAL LOCK ???????? ??? ??????, ??????',2943,1,9,3.75),(126,'20.005-HM','???????? ????????????? ???? ?????, D20 ?? (18 ??.)',749,6,9,14.35),(127,'20.006-HM','???????? ????????????? ??? ???????, D20 ?? (18 ??.)',810,6,9,14.35),(128,'20.010-HD','???????? ????????????? ??????, D20 ?? (18 ??.)',50,6,9,14.35),(129,'20.020-HD','???????? ????????????? ?????, D20 ?? (18 ??.)',544,6,9,14.35),(130,'20.022-HM','???????? ????????????? ????? ????????, D20 ?? (18 ??.)',2352,6,9,14.35),(131,'20.025-HD','???????? ????????????? ???????, D20 ?? (18 ??.)',2061,6,9,14.35),(132,'20.030-HD','???????? ????????????? ??????? ??????????, D20 ?? (18 ??.)',2346,6,9,14.35),(133,'20.032-HM','???????? ????????????? ?????? ???????, D20 ?? (18 ??.)',2275,6,9,14.35),(134,'20.048-HM','???????? ????????????? ???????, D20 ?? (18 ??.)',629,6,9,14.35),(135,'20.050-HM','???????? ????????????? ??????? ?????, D20 ?? (18 ??.)',994,6,9,14.35),(136,'20.071-HM','???????? ????????????? ???, D20 ?? (18 ??.)',2344,6,9,14.35),(137,'20.074-HM','???????? ????????????? ????? ???????, D20 ?? (18 ??.)',2460,6,9,14.35),(138,'20.076-HM','???????? ????????????? ????, D20 ?? (18 ??.)',2229,6,9,14.35),(139,'20.079-HM','???????? ????????????? ?????, D20 ?? (18 ??.)',2689,6,9,14.35),(140,'20.080-HD','???????? ????????????? ??????-?????, D20 ?? (18 ??.)',1830,6,9,14.35),(141,'20.092-HM','???????? ????????????? ????, D20 ?? (18 ??.)',411,6,9,14.35),(142,'20.103-HM','???????? ????????????? ?????? ?????, D20 ?? (18 ??.)',1698,6,9,14.35),(143,'20.115-HM','???????? ????????????? ???, D20 ?? (18 ??.)',1871,6,9,14.35),(144,'20.131-HD','???????? ????????????? ???????, D20 ?? (18 ??.)',2667,6,9,14.35),(145,'20.135-HM','???????? ????????????? ??? ????????, D20 ?? (18 ??.)',2088,6,9,14.35),(146,'20.576-HD','???????? ????????????? ??????, D20 ?? (18 ??.)',1351,6,9,14.35),(147,'20.621-HD','???????? ????????????? ?????, D20 ?? (18 ??.)',2146,6,9,14.35),(148,'35.010-HD','???????? ????????????? ??????, D35 ?? (15 ??.)',2070,6,9,36.82),(149,'35.020-HD','???????? ????????????? ?????, D35 ?? (15 ??.)',1770,6,9,36.82),(150,'35.060-HD','???????? ????????????? ??????????, D35 ?? (15 ??.)',2715,6,9,36.82),(151,'40.010-HD','???????? ????????????? ??????, D40 ?? (15 ??.)',1602,6,9,40.43),(152,'40.020-HD','???????? ????????????? ?????, D40 ?? (15 ??.)',768,6,9,40.43),(153,'40.030-HD','???????? ????????????? ??????? ??????????, D40 ?? (15 ??.)',864,6,9,40.43),(154,'40.060-HD','???????? ????????????? ??????????, D40 ?? (15 ??.)',605,6,9,40.43),(155,'40.080-HD','???????? ????????????? ??????-?????, D40 ?? (15 ??.)',1214,6,9,40.43),(156,'CF01PAC','???????? ??? ??????????????? ?????????, ????, D5 ??',1418,1,9,0.42),(157,'CF01PB','???????? ??? ??????????????? ?????????, ?????, D5 ??',736,1,9,0.35),(158,'CF01PCI','???????? ??? ??????????????? ?????????, ?????, D5 ??',1635,1,9,0.35),(159,'CF01PFA','???????? ??? ??????????????? ?????????, ???????, D5 ??',2492,1,9,0.35),(160,'CF01PFR','???????? ??? ??????????????? ?????????, ?????, D5 ??',1450,1,9,0.42),(161,'CF01PGA','???????? ??? ??????????????? ?????????, ????? ????????, D5 ??',2402,1,9,0.35),(162,'CF01PMA','???????? ??? ??????????????? ?????????, ??????????, D5 ??',1603,1,9,0.35),(163,'CF01PNE','???????? ??? ??????????????? ?????????, ??????, D5 ??',1186,1,9,0.35),(164,'CF02PAC','???????? ???? 8??',2683,1,9,0.10),(165,'CF02PB','???????? ??? ??????????????? ?????????, ?????, D8 ??',951,1,9,0.35),(166,'CF02PCI','???????? ??? ??????????????? ?????????, ?????, D8 ??',2820,1,9,0.25),(167,'CF02PFA','???????? ??? ??????????????? ?????????, ???????, D8 ??',2847,1,9,0.35),(168,'CF02PGA','???????? ??? ??????????????? ?????????, ????? ????????, D8 ??',2134,1,9,0.42),(169,'CF02PMA','???????? ??? ??????????????? ?????????, ??????????, D8 ??',1835,1,9,0.35),(170,'CF02PNE','???????? ??? ??????????????? ?????????, ??????, D8 ??',1682,1,9,0.35),(171,'CF03PAC','???????? ??? ??????????????? ?????????, ????, D10 ??',2064,1,9,0.42),(172,'CF03PB','???????? ??? ??????????????? ?????????, ?????, D10 ??',1213,1,9,0.42),(173,'CF03PCI','???????? ??? ??????????????? ?????????, ?????, D10 ??',1596,1,9,0.42),(174,'CF03PFA','???????? ??? ??????????????? ?????????, ???????, D10 ??',1699,1,9,0.42),(175,'CF03PFR','???????? ??? ??????????????? ?????????, ?????, D10 ??',1827,1,9,0.42),(176,'CF03PGA','???????? ??? ??????????????? ?????????, ????? ????????, D10 ??',127,1,9,0.42),(177,'CF03PMA','???????? ??? ??????????????? ?????????, ??????????, D10 ??',189,1,9,0.42),(178,'CF03PNE','???????? ??? ??????????????? ?????????, ??????, D10 ??',1903,1,9,0.42),(179,'SPAX/ ??? / 500 ??','???????? ??? ???????? ? ???????? ????????, ?????',2654,6,9,250.28),(180,'AL02','?????????????? ??? ?????????? ????? ? ?????????, ? ????? ??????????? ??? ???????, ??????',625,1,10,6.36),(181,'AL02 ZBR','?????????????? ??? ?????????? ????? ? ?????????, ? ????? ??????????? ??? ???????, ??????',287,1,10,6.36),(182,'AL22','?????????????? ??? ?????????? ????? ? ?????????, ? ??????? ? ???????? ??????????? ??? ???????, ??????',973,1,10,6.36),(183,'AL22 ZBR','?????????????? ??? ?????????? ????? ? ?????????, ? ??????? ? ???????? ??????????? ??? ???????, ??????',1349,1,10,6.36),(184,'CS01PB','???????? ??? ????????? ?????? ?????? FM20, ?????',185,1,10,5.44),(185,'CS01PMA','???????? ??? ????????? ?????? ?????? FM20, ??????????',67,1,10,5.44),(186,'CS01PNE','???????? ??? ????????? ?????? ?????? FM20, ??????',1486,1,10,3.45),(187,'FM10FZ','????????? ?????? ??????',2789,1,10,9.00),(188,'FM18ZNL','????????? ?????? ??????',429,1,10,10.39),(189,'FM20ZN','????????? ?????? ??????',2832,1,10,21.70),(190,'FS1054AA','?????? ????????? ? ????????? ?????',1640,1,10,1.55),(191,'FS1054AC','?????? ????????? ? ????????? ??????????',2073,1,10,1.55),(192,'SPC26X26X20ALD','WINK ?????? ????????? ? ??????????? ????????? 26?26?20 ??, ?????',365,1,10,5.30),(193,'SPC26X26X20BE','WINK ?????? ????????? ? ??????????? ????????? 26?26?20 ??, ???',2301,1,10,5.30),(194,'SPC26X26X20BL','WINK ?????? ????????? ? ??????????? ????????? 26?26?20 ??, ??????',2377,1,10,5.30),(195,'SPC26X26X20GR','WINK ?????? ????????? ? ??????????? ????????? 26?26?20 ??, ?????',1494,1,10,5.30),(196,'SPC26X26X20WA','WINK ?????? ????????? ? ??????????? ????????? 26?26?20 ??, ????',475,1,10,5.30),(197,'SPC26X26X20WE','WINK ?????? ????????? ? ??????????? ????????? 26?26?20 ??, ?????',2145,1,10,5.30),(198,'SPC26X26X20WH','WINK ?????? ????????? ? ??????????? ????????? 26?26?20 ??, ?????',1573,1,10,5.30),(199,'UC9101','??????-??????',979,1,10,4.05),(200,'UC9201','??????-?????? ???????',460,1,10,26.23),(201,'UM N ?????-100','?????? ????????? ????? (100 ??.)',2304,6,10,50.00),(202,'UM N ?????-100 M','?????? ????????? ????? (100 ??.)',1602,6,10,100.00),(203,'UM N ?????-100 M','?????? ????????? ????? (100 ??.)',2259,6,10,150.90),(204,'UM ?1 M','?????? ????????? ????? (100 ??.)',1394,6,10,150.90),(205,'UM ?10','?????? ???. ??????-?????????? (???????? (100 ??.))',2952,6,10,100.00),(206,'UM ?11 M','?????? ????????? ??????-?????????? (100 ??.)',2653,6,10,100.00),(207,'UM ?16 M','?????? ????????? ???????? ????? (100 ??.)',2456,6,10,150.90),(208,'UM ?2 M','?????? ????????? ??????? (100 ??.)',164,6,10,150.90),(209,'UM ?20','?????? ????????? ??? ???????(100 ??.)',2156,6,10,100.59),(210,'UM ?20 M','?????? ????????? ??? ???????(100 ??.)',1514,6,10,100.00),(211,'UM ?4 M','?????? ????????? ?????????? (100 ??.)',2550,6,10,150.90),(212,'UM ?5','?????? ????????? ?????? (100 ??.)',2894,6,10,100.00),(213,'UM ?5 M','?????? ????????? ?????? (100 ??.)',207,6,10,150.90),(214,'UM ?9','?????? ????????? ????? (100 ??.)',2081,6,10,100.59),(215,'UM ?9 M','?????? ????????? ????? (100 ??.)',1914,6,10,150.90),(216,'UM40X19','?????? ?????????, 40?19 ??',296,1,10,6.81),(217,'UM50X26X41','?????? ????????? ?????????????, 50?26?41 ??',2678,1,10,11.09),(218,'VS05FZ','???????? ? ???????? ???????? ??? ????????? ?????? ?????? FM20, 6.3 ? 14',1778,1,10,2.40),(219,'? 058','?????? ?????????, ?=65 ??, ?=22 ??',891,1,10,13.10),(220,'? 100','?????? ?????????, ?=25 ??, ?=17 ??',888,1,10,4.08),(221,'? 111','?????? ?????????, ?=25 ??, ?=40 ??',2403,1,10,8.49),(222,'? 157','?????? ?????????, ?=30 ??, ?=70 ??',1511,1,10,16.38),(223,'? 200','?????? ?????????, ?=40 ??, ?=17 ??',2708,1,10,6.81),(224,'? 300','?????? ?????????, ?=50 ??, ?=17 ??',2635,1,10,7.08),(225,'? 393','?????? ?????????, ?=30 ??, ?=30 ??',1532,1,10,7.43),(226,'? 442','?????? ?????????, ?=40 ??, ?=16 ??',301,1,10,8.40),(227,'? 500','?????? ?????????, ?=40 ??, ?=30 ??',1928,1,10,9.45),(228,'? 600','?????? ?????????, ?=30 ??, ?=30 ??',2562,1,10,6.48),(229,'? 700','?????? ?????????, ?=25 ??, ?=25 ??',2750,1,10,5.79),(230,'6 X 30 / 1000 ??','????? ????????? 6 ? 30 (1000 ??.)',106,6,11,274.27),(231,'8 X 30 / 27000 ??','????? ????????? 8 ? 30 (27000 ??.)',302,6,11,4996.99),(232,'8 X 30 / 5000??','????? ????????? 8 ? 30 (5000 ??.)',1214,6,11,1158.39),(233,'8 X 30K / 5000??','????? ????????????? ????????? 8 ? 30 (5000 ??.)',1174,6,11,1158.39),(234,'8 X 40 / 1000 ??','????? ????????? 8 ? 40 (1000 ??.)',343,6,11,386.13),(235,'8 X 50 / 1000 ??','????? ????????? 8 ? 50 (1000 ??.)',889,6,11,503.11),(236,'EL10/1000','????? ??????? 53 x 19,4 ?? (1000 ??.)',1210,6,11,2187.90),(237,'EL20/1000','????? ??????? 55 x 23,5 ?? (1000 ??.)',1017,6,11,2187.90),(238,'EL30/1000','????? ??????? 55 x 30 ?? (1000 ??.)',524,6,11,3456.18),(239,'SP12FZT00','????? ????????????? ????',1027,1,11,3.75),(240,'SP12FZTFE','????? ????????????? ????',1379,1,11,3.68),(241,'14-001','???? ?????????????? ?????, ?=2750 ??',2419,1,12,48.84),(242,'14-004','???? ?????????????? ??????????, ?=2750 ??',1561,1,12,48.84),(243,'14-005','???? ?????????????? ??????, ?=2750 ??',640,1,12,17.50),(244,'4247.08','Teks ????????? ??? ?????? (????????)',2215,8,12,42.19),(245,'4247.156','Discus ????????? ??? ?????? (????????)',1679,8,12,16.53),(246,'438','????????????? ????? ?? ?????? ??????????? ??, ?=50 ?',2166,7,12,1136.25),(247,'CD-3 (500??.)','???????????????? ????? (500 ??.)',2306,6,12,149.00),(248,'CD6','???????????????? ?????? (500 ??)',2954,6,12,138.00),(249,'FS01PB','????????? ??? ?????? 5 ?? ?????',1714,1,12,2.94),(250,'FS01PMA','????????? ??????? 5??, ??????????',899,1,12,0.50),(251,'FS01PNE','????????? ??????? 5??, ??????',634,1,12,1.00),(252,'FS01PT','????????? ??? ?????? 5 ?? ??????????',239,1,12,2.95),(253,'FS02PB','????????? ??? ?????? 4 ?? ?????',2401,1,12,6.43),(254,'FS02PM?','????????? ??????? 4??, ??????????',1195,1,12,4.74),(255,'FS02PNE','????????? ??????? 4??, ??????',908,1,12,1.00),(256,'FS02PT','????????? ??? ?????? 4 ?? ??????????',2173,1,12,6.43),(257,'FS03PB','????????? ??????? 3??, ?????',1001,1,12,0.50),(258,'FS03PMA','????????? ??????? 3??, ??????????',2198,1,12,0.50),(259,'FS03PNE','????????? ??????? 3??, ??????',2463,1,12,0.45),(260,'FS03PT','????????? ??????? 3??, ??????????',2592,1,12,1.00),(261,'FS0405AC','????????? ??????? 5 ?? ??????.',2072,1,12,0.50),(262,'KZS15X15','????????? ?????? ??????, 15?15 ??',2897,1,12,0.85),(263,'MMC130W','??????????? ???????? ????????, 130 ??',2745,8,12,34.78),(264,'MMZ46X35','?????? ??? ?????? ?????? ?????',1203,1,12,6.77),(265,'MMZ97X48','?????? ??? ?????? ??????',383,1,12,15.82),(266,'??100','???????? ????????? ?????????????, 100*18 ??',2640,1,12,7.35),(267,'??40','???????? ????????? ?????????????, 38?16 ??',2467,1,12,2.79),(268,'??50','???????? ????????? ?????????????, 50*18 ??',733,1,12,4.20),(269,'MAG A16','?????? ??? ???????, D16 ??',1874,1,12,87.44),(270,'MAG C16','?????? ?? ???????? ?4, D16 ??',1767,1,12,90.86),(271,'MAG D16','???????? ?????? ??? ??????? ??? ???????, D16 ??',903,1,12,37.47),(272,'MAG N33','??????? ?????? ??????????, D10 ??',1290,1,12,30.66),(273,'MAG VINIL','????????? ????? ? ??????? ???????, 1?0,62 ?, ??????? 0,7 ??, ?????-??????????',518,1,12,851.76),(274,'1 02080 20 WA','K-LINE ?????????????? ? ?????????????? ?????? ??? ?????????? ????? ??? ????????, ??????',2685,1,13,3.39),(275,'1 02080 20 YA','K-LINE ?????????????? ? ?????????????? ?????? ??? ?????????? ????? ??? ????????, ??????',2366,1,13,3.39),(276,'3016 107','OR ?????????????? ??? ?????????? ?????, ??????',2253,1,13,5.65),(277,'DUO ZNL-PNE (?-?)','?????????????? DUO (??????/??????)',788,8,13,11.26),(278,'DUO ZNL-PT (?-?)','?????????????? DUO (??????/??????????)',2295,8,13,13.50),(279,'ME01ZBR','?????????????? ? ?????????????? ?????? ??? ?????????? ?????, ??????',926,1,13,2.40),(280,'ME01ZNL (144)','?????????????? ? ?????????????? ?????? ??? ?????????? ?????, ??????',2771,1,13,2.62),(281,'ME05ZNL/??','?????????????? ? ?????????????? ?????? ??? ?????????? ?????, ??????',2821,1,13,1.49),(282,'ME10FNL','?????????????? ??? ?????????? ?????, ??????',2846,1,13,1.06),(283,'ME13PT (3006 5)/1000','GERMANY ?????????????? ??? ?????????? ?????, ??????????',2811,6,13,1324.26),(284,'MV05 (3016 106)','OR ?????????????? ??? ?????????? ?????, ??????',2986,1,13,5.02),(285,'MV05 (3016 108)','OR ?????????????? ??? ?????????? ?????, ??????',1217,1,13,5.65),(286,'PK5,0X16 NI','?????????????? ??? ?????????? ?????, ??????',2285,6,13,633.36),(287,'PK5,0X16B','?????????????? ??? ?????????? ?????, ????',230,6,13,495.18),(288,'1 02080 50 WA','K-LINE ?????????????? ? ?????????????? ?????? ??? ?????????? ????? c ?????????, ??????',2788,1,13,3.46),(289,'1 02080 50 YA','K-LINE ?????????????? ? ?????????????? ?????? ??? ?????????? ????? c ?????????, ??????',835,1,13,3.46),(290,'1 08520 2000','SPRING ?????? ??? ????????? ??????????????, ?????',585,1,13,2995.00),(291,'1 14520 1000','PK2 ?????? ??? ????????? ??????????????',744,1,13,3348.54),(292,'1 17520 2000','MAORI 16 ?????? ??? ????????? ??????????????',1978,1,13,7776.92),(293,'1 17520 4000','MAORI 25/29 ?????? ??? ????????? ??????????????',2107,1,13,3203.44),(294,'1 22220 50 IJ','SECRET ??????? ?????????????? ??? ?????????? ????? ???????? ?? 25 ?? ? ?????????',2025,1,13,76.05),(295,'2567 852','UNICO ?????????????? ??? ?????????? ????? ? ?????????, ?? ?????? ??? ??????, ??????-?????',1888,1,13,16.82),(296,'2567 862','UNICO ?????????????? ??? ?????????? ????? ? ?????????, ?? ?????? ? ???????, ??????-?????',2643,1,13,7.50),(297,'2574 20','FLIPPER ?????????????? ??? ?????????? ????? ? ?????????, ??????????',708,1,13,2.97),(298,'2574 21','FLIPPER ?????????????? ??? ?????????? ????? ? ?????????, ?????',111,1,13,2.97),(299,'2574 22','FLIPPER ?????????????? ??? ?????????? ????? ? ?????????, ??????',2267,1,13,2.97),(300,'2574 23','FLIPPER ?????????????? ??? ?????????? ????? ? ?????????, ??????????',1762,1,13,2.97),(301,'2574 30','FLIPPER ?????????????? ??? ?????????? ????? ? ?????????, ?????',651,1,13,2.97),(302,'2574 36','FLIPPER ????-???????? ??? ??????????????',2370,1,13,2.19),(303,'2574 50','FLIPPER ???? ? ??????? ??????? ??? ??????????????',123,1,13,2.76),(304,'2597 041','PK2 ?????????????? ??????? ??????-?????',1364,1,13,10.11),(305,'2597 15','PK2 ????? ?????????????? ? ???????, ??????',2722,1,13,12.02),(306,'2597 25','PK2 ????? ?????????????? ? ??????????, ??????',2750,1,13,11.80),(307,'2597 35','PK2 ????? ?????????????? ? ?????????, ??????',236,1,13,11.80),(308,'2597 36','PK2 ????? ?????????????? ? ?????????, ??????',951,1,13,12.65),(309,'2598 15','SPRING ?????????????? ? ?????????????? ?????? ??? ?????????? ????? ? ?????????',1459,1,13,16.04),(310,'2600 112 MAORI12','MAORI 12, ?????? ?????????????? ??? ??? ?? 12 ??',268,1,13,0.83),(311,'2600 116 MAORI16','MAORI ?????? ?????????????? ??? ?????????? ????? ???????? ?? 16 ?? ? ?????????',2954,1,13,4.45),(312,'2600 310 MAORI12','MAORI 12, ????? ?????????????? ??? ??? ?? 12 ??, ??????',689,1,13,1.13),(313,'2600 410 MAORI16','MAORI ????? ?????????????? ??? ?????????? ????? ???????? ?? 16 ?? ? ?????????, ??????',1345,1,13,6.57),(314,'2600 420 MAORI16','MAORI ????? ?????????????? ??? ?????????? ????? ???????? ?? 16 ?? ? ?????????, ? ??????? ? ?????????, ??????',59,1,13,11.87),(315,'3526 79 ?4','??????? ? ?????????? ??????? ?4',2887,1,13,8.84),(316,'AL02','?????????????? ??? ?????????? ????? ? ?????????, ? ????? ??????????? ??? ???????, ??????',662,1,13,6.36),(317,'AL02 ZBR','?????????????? ??? ?????????? ????? ? ?????????, ? ????? ??????????? ??? ???????, ??????',2053,1,13,6.36),(318,'AL22','?????????????? ??? ?????????? ????? ? ?????????, ? ??????? ? ???????? ??????????? ??? ???????, ??????',2467,1,13,6.36),(319,'AL22 ZBR','?????????????? ??? ?????????? ????? ? ?????????, ? ??????? ? ???????? ??????????? ??? ???????, ??????',511,1,13,6.36),(320,'BR01','???????? ?????, ?????',2297,1,13,1.06),(321,'CN01NL','ONE ???????? ??????????????, ??????',423,1,13,4.03),(322,'E004-BLACK','E004 ?????????????? ??????',2585,1,13,0.20),(323,'E004-SCREW','???? ?????????????? E004/E005',302,1,13,0.21),(324,'ME03ZNL','?????????????? ??? ?????????? ????? ? ?????????, ?? ?????? ? ?????????? ??? ???????, ??????',2467,1,13,3.11),(325,'ME04ZNL (1841-07)','?????????????? ??? ?????????? ????? ? ?????????, ??????',1803,1,13,3.11),(326,'ME19PMA','?????????????? ??????????? ??????????',1283,1,13,0.25),(327,'ME19PNE','?????????????? ??????????? ??????',838,1,13,0.25),(328,'ME36 PMA','??????????????-???????? ??? ??? 16 ?? (??????????)',897,1,13,0.25),(329,'ME36 PT','?????????????? ??? ?????????? ????? ? ?????????, ??? ?????????, ??????????',257,1,13,0.25),(330,'ME37 PMA','??????????????-???????? ??? ??? 18 ?? (??????????)',1622,1,13,0.25),(331,'ON01','ONE ?????????????? ??? ?????????? ????? ?? 16 ?? ? ?????????',1145,1,13,5.94),(332,'SI033','SI03 ?????????????? ??? ?????????? ????? ? ?????????, ?????',1910,1,13,2.05),(333,'SI036','SI03 ?????????????? ??? ?????????? ????? ? ?????????, ???',1993,1,13,1.39),(334,'SI037','SI03 ?????????????? ??? ?????????? ????? ? ?????????, ???????',1722,1,13,2.05),(335,'SI038','SI03 ?????????????? ??? ?????????? ????? ? ?????????, ?????',1610,1,13,1.30),(336,'SI039','SI03 ?????????????? ??? ?????????? ????? ? ?????????, ???',1021,1,13,1.55),(337,'SI03PB','SI03 ?????????????? ??? ?????????? ????? ? ?????????, ?????',2660,1,13,2.05),(338,'SI03PMA','SI03 ?????????????? ??? ?????????? ????? ? ?????????, ??????????',1905,1,13,2.05),(339,'SI03PNE','SI03 ?????????????? ??????',2661,1,13,1.30),(340,'TZ01','ZERO ???? ??? ??????????????',181,1,13,5.73),(341,'TZ02','ONE ????-???????? ??? ??????????????',1834,1,13,4.31),(342,'VE08FZ','SI03 ???? ??? ??????????????',2284,1,13,1.84),(343,'ZE01','ZERO ??????? ??????????? ?????????????? ??? ?????????? ????? ???????? ?? 18 ?? ? ?????????',1856,1,13,7.07),(344,'ZE02','ZERO ??????? ??????? ?????????????? ??? ?????????? ????? ???????? ?? 18 ?? ? ?????????',288,1,13,7.07),(345,'1 02080 30 WA','K-LINE ?????????????? ? ?????????????? ?????? ??? ?????????? ????? ??? ????????, ??????',493,1,13,7.63),(346,'1 02080 30 YA','K-LINE ?????????????? ? ?????????????? ?????? ??? ?????????? ????? ??? ????????, ??????',2155,1,13,7.63),(347,'3011 23 DREAM','DREAM ?????????????? ??? ?????????? ?????, ??????',1441,1,13,5.87),(348,'3016 107','OR ?????????????? ??? ?????????? ?????, ??????',939,1,13,5.65),(349,'CF135 PB','?????????????? ? ??????? ??? ?????????? ?????, ?????',1627,1,13,2.90),(350,'CF135 PMA','?????????????? ? ??????? ??? ?????????? ?????, ??????????',645,1,13,0.95),(351,'DUO ZNL-PNE (?-?)','?????????????? DUO (??????/??????)',117,8,13,11.26),(352,'DUO ZNL-PT (?-?)','?????????????? DUO (??????/??????????)',1709,8,13,13.50),(353,'K310 CP','?????????????? ? ?????????? ??? ?????????? ?????, ??? ???????, ????',1191,1,13,36.82),(354,'ME13PT (3006 5)/1000','GERMANY ?????????????? ??? ?????????? ?????, ??????????',1536,6,13,1324.26),(355,'MV01-E011','?????????????? ? ????????? ??? ?????????? ?????, ??????/??????????',2608,1,13,3.68),(356,'MV01ZBR','?????????????? ? ????????? ??? ?????????? ?????, ??????/??????????',1041,1,13,3.00),(357,'MV01ZNL','?????????????? ? ????????? ??? ?????????? ?????, ??????/??????????',2441,1,13,5.80),(358,'MV02PT','?????????????? ??? ?????????? ?????, ??????????',1860,1,13,3.18),(359,'MV02PT (?-?)','?????????????? ??????????',1997,8,13,5.30),(360,'MV03-E016','?????????????? ? ????????? ? ?????????????? ?????? ??? ?????????? ?????, ??????/??????????',1927,1,13,3.11),(361,'MV03ZBR','?????????????? ? ????????? ? ?????????????? ?????? ??? ?????????? ?????, ??????/??????????',2199,1,13,5.80),(362,'MV03ZNL (140-07)','?????????????? ? ????????? ? ?????????????? ?????? ??? ?????????? ?????, ??????/??????????',1860,1,13,5.94),(363,'MV05 (3016 106)','OR ?????????????? ??? ?????????? ?????, ??????',1127,1,13,5.02),(364,'MV05 (3016 108)','OR ?????????????? ??? ?????????? ?????, ??????',937,1,13,5.65),(365,'PK5,0X16B+?','?????????????? ? ??????????? ?????????? ??? ?????????? ?????, ????',297,6,13,909.72),(366,'SP03FZ','MV02PT ???? ??????????????, ??????',393,1,13,2.12),(367,'1 60190 20 WA','KUBIC, ?????? ?????????????? ?? ??????, ??????',403,1,13,12.00),(368,'1 60190 30 YA','KUBIC, ?????? ?????????????? ? ?????????? ??? ???????, ??????',399,1,13,11.50),(369,'1 60191 40 WA','KUBIC, ??????? ???????? ??????????????, ??????',464,1,13,4.50),(370,'1 60191 40 YA','KUBIC, ??????? ???????? ??????????????, ??????',1139,1,13,9.00),(371,'1 60200 50 WA','KUBIC ?????????????? ??? ?????????? ????? ???????? 4-9 ??, ??? ???????, ??????',1033,1,13,58.52),(372,'1 60200 50 YA','KUBIC ?????????????? ??? ?????????? ????? ???????? 4-9 ??, ??? ???????, ??????',2797,1,13,56.97),(373,'1 60200 60 WA','KUBIC ?????????????? ??? ?????????? ????? ???????? 4-9 ??, ?? ??????, ??????',2985,1,13,15.00),(374,'1 60200 60 YA','KUBIC ?????????????? ??? ?????????? ????? ???????? 4-9 ??, ?? ??????, ??????',469,1,13,56.76),(375,'1 61130 10 KB','KRISTAL ?????????????? ??? ?????????? ????? ???????? 5-6 ??, ??? ???????, ????',2226,1,13,34.77),(376,'1 61130 10 YA','KRISTAL ?????????????? ??? ?????????? ????? ???????? 5-6 ??, ??? ???????, ??????',389,1,13,25.52),(377,'1 61130 40 KB','KRISTAL ?????????????? ??? ?????????? ????? ???????? 5-6 ??, ?? ??????, ????',606,1,13,35.83),(378,'1 61140 10 KB','KRISTAL ?????????????? ??? ?????????? ????? ???????? 8 ??, ??? ???????, ????',436,1,13,35.83),(379,'1 61140 10 YA','KRISTAL ?????????????? ??? ?????????? ????? ???????? 8 ??, ??? ???????, ??????',1445,1,13,26.43),(380,'3020 51 PEKI','PEKI ?????????????? ? ?????????? ??? ?????????? ????? ???????? 4-10 ??, ??????',1743,1,13,40.15),(381,'3020 52 PEKI','PEKI ?????????????? ? ?????????? ??? ?????????? ????? ???????? 4-10 ??, ??????',446,1,13,32.30),(382,'3023 422 COBRA 5-6MM','COBRA ?????????????? ??? ?????????? ????? ???????? 5-6 ??, ??? ???????, ??????',539,1,13,5.12),(383,'3023 462 COBRA 5-6MM','COBRA ?????????????? ??? ?????????? ????? ???????? 5-6 ??, ?? ??????, ??????',930,1,13,3.00),(384,'3023 47 COBRA 8-10MM','COBRA ?????????????? ??? ?????????? ????? ???????? 8-10 ??, ?? ??????, ??????',847,1,13,3.00),(385,'3023 472 COBRA 8-10M','COBRA ?????????????? ??? ?????????? ????? ???????? 8-10 ??, ?? ??????, ??????',543,1,13,5.12),(386,'3023 95','PICCHIO ?????????????? ? ????. D10 ??',405,1,13,0.50),(387,'F001 CHROME','?????????????? ??? ?????????? ????? ???????? 8-10 ??, ????',1661,1,13,92.17),(388,'F001 PEARL','?????????????? ??? ?????????? ????? ???????? 8-10 ??, ?????? ???????',1198,1,13,49.50),(389,'F002 CHROME','?????????????? ??? ?????????? ????? ???????? 8-10 ??, ????',2344,1,13,80.65),(390,'F004','?????????????? ??? ?????????? ????? ???????? 8-10 ??, ????',1712,1,13,57.60),(391,'F005','?????????????? ??? ?????????? ????? ???????? 6-8 ??, ????',1478,1,13,34.56),(392,'FA08 CR','?????????????? ??? ?????????? ????? ???????? 5-6 ??, ?? ??????, ????',2143,1,13,17.67),(393,'FA08 NI','?????????????? ??? ?????????? ????? ???????? 5-6 ??, ?? ??????, ??????',467,1,13,13.57),(394,'FA09 CR','?????????????? ??? ?????????? ????? ???????? 8-10 ??, ?? ??????, ????',209,1,13,4.00),(395,'FA09 NI','?????????????? ??????',611,1,13,6.50),(396,'FA10 CR','?????????????? ??? ?????????? ????? ???????? 5-6 ??, ??? ???????, ????',73,1,13,15.27),(397,'FA10 NI','?????????????? ??? ?????????? ????? ???????? 5-6 ??, ??? ???????, ??????',419,1,13,9.68),(398,'FA11 CR','?????????????? ??? ?????????? ????? ???????? 8-10 ??, ??? ???????, ????',1126,1,13,18.45),(399,'FA11 NI','?????????????? ??? ?????????? ????? ???????? 8-10 ??, ??? ???????, ??????',856,1,13,8.69),(400,'FA18 CR','?????????????? ??? ?????????? ????? ???????? 5-6 ??, ????',855,8,13,50.68),(401,'FA19 CR','?????????????? ??? ?????????? ????? ???????? 8-10 ??, ????',2632,8,13,95.77),(402,'MV07FNL','?????????????? ??? ?????????? ????? ???????? 5-8 ??, ?? ??????, ??????',501,1,13,16.86),(403,'MV08-F007','?????????????? ??? ?????????? ????? ???????? 5-8 ??, ?? ??????, ????',2375,1,13,16.82),(404,'MV08-F008','?????????????? ??? ?????????? ????? ???????? 5-8 ??, ?? ??????, ????',776,1,13,16.82),(405,'MV08ZBR','?????????????? ??? ?????????? ????? ???????? 5-8 ??, ?? ??????, ??????',927,1,13,11.31),(406,'MV08ZNL','?????????????? ??? ?????????? ????? ???????? 5-8 ??, ?? ??????, ??????',2126,1,13,9.33),(407,'MV14ZCR','?????????????? ??? ?????????? ????? ???????? 5-6 ??, ????',1036,1,13,35.00),(408,'MV15BZO','?????????????? ??? ?????????? ????? ???????? 8-10 ??, ??????',2638,1,13,149.91),(409,'MV15ZCR','?????????????? ??? ?????????? ????? ???????? 8-10 ??, ????',2872,1,13,69.48),(410,'MV16ZCR','?????????????? ??? ?????????? ????? ???????? 8-10 ??, ????',860,1,13,136.41),(411,'MV16ZO','?????????????? ??? ?????????? ????? ???????? 8-10 ??, ??????',1081,1,13,49.50),(412,'MV24PT','?????????????? ??? ?????????? ????? ? ?????????, ??????????',749,1,13,2.33),(413,'515.BL','???????. ?????? ??? ????? ????. D50 ??.',870,1,14,44.18),(414,'516.BL','???????. ?????? ??? ????? ????. D60 ??.',2401,1,14,45.80),(415,'552.BL','????????? ??????? ????., ???????',1103,1,14,77.82),(416,'553.BL','????????? ??????????? ????., ???????',462,1,14,65.80),(417,'145 710?? / 4 ??','????? ??? ??????, D60, H710+25 ??, ????, 4??.',1452,6,14,2865.19),(418,'C25 ST','??????? ??? ?????? ?????? ?? ????? d 25 ? ?????? ?10 ?????',2433,1,14,113.57),(419,'C25/V ST','??????? ??? ?????? ?????? ?? ????? d 25 ??? ????? ?????',2955,1,14,107.89),(420,'C50 ST','??????? ??? ?????? ?????? ?? ????? d 50 ? ?????? ?10 ?????',1342,1,14,193.06),(421,'C50/V ST','??????? ??? ?????? ?????? ?? ????? d 50 ??? ????? ?????',1250,1,14,176.03),(422,'407 710?? / 4 ??','????? ??? ????? ????????, H710+10 ??, ????, 4??.',2849,6,14,4692.59),(423,'613.A0.01','????? ??? ????? ? ?????????, D60, H700+100??, ???????, 1??.',1023,1,14,1766.29),(424,'613.C1.01','????? ??? ????? ? ?????????, D60, H700+100??, ????, 1??.',1834,1,14,1428.94),(425,'613.R1','?????? ??? ????? ? ?????????',416,1,14,472.07),(426,'633.A0.04','????? ??? ????? ???????????, H710+10 ??, ???????, 4??.',1471,8,14,7000.00),(427,'633.AN.04','????? ??? ????? ???????????, H710+10 ??, ????. ?????, 4??.',215,8,14,5650.00),(428,'701.A0.02','????? ??? ????? ??????????, 60?60 ??, H710+15 ??, ???????, 4??.',2996,6,14,4305.00),(429,'701.AB.02','????? ??? ????? ??????????, 60?60 ??, H710+15 ??, ??????, 4??.',2658,6,14,4515.00),(430,'702.A0.01','????? ??? ????? ???????, D60, H710+15 ??, ???????, 4??.',111,6,14,4042.50),(431,'702.AB.01','????? ??? ????? ???????, D60, H710+15 ??, ??????, 4??.',858,6,14,4189.50),(432,'705.A0.04','????? ??? ????? ???????????, H710+15 ??, ???????, 4??.',1566,6,14,6405.00),(433,'ART.974 /4','????? ??????????? ??? ?????',2982,6,14,2500.00),(434,'ART.979 /4','????? ??? ????? ??????????, 60?60 ??, H710+25 ??, ??. ???, 4??.',1249,6,14,4896.64),(435,'ART.989 /4','????? ??? ????? ??????????, 60?60 ??, H710+25 ??, ???????, 4??.',2985,6,14,4500.00),(436,'D35/715 ???? MAT','????? ??? ????? ?-????????, D32, H695+10??, ???? ???????, 1??.',2901,1,14,1476.38),(437,'D35/715 ???? ????','????? ??? ????? ?-????????, D32, H695+10??, ????. ??????, 1??.',306,1,14,1075.00),(438,'D50/715 ???? ????/4','????? ??? ?????, D50, H715+25 ??, ????. ??????, 4??.',91,6,14,1440.00),(439,'D50/715 ???? ???/4','????? ??? ?????, D50, H715+25 ??, ???? ???????, 4??.',338,6,14,1370.00),(440,'D50/715 ??? / 4 ??','????? ??? ?????, D50, H715+25 ??, ????? ??????, 4??.',1606,6,14,1370.00),(441,'D50/715 ????/4','????? ??? ?????, D50, H715+25 ??, ???? ?????????????, 4??.',752,6,14,1570.00),(442,'D50/715 ??? ????/4','????? ??? ?????, D50, H715+25 ??, ?????? ????, 4??.',2981,6,14,1370.00),(443,'D63_715 ???? ???_4','????? ??? ?????, D63, H715+25 ??, ???? ???????, 4??.',739,6,14,1990.00),(444,'LEG40X720 CR CC 4','????? ??? ????????? ?????, D40, H720 ??, ?????????, ????, 4??.',1023,6,14,2271.36),(445,'LEG50X720 MT 4','????? ??? ?????, D50, H720+20 ??, ????????, 4??.',551,6,14,940.00),(446,'LEG50X720 MT CC 4','????? ??? ????????? ?????, D50, H720+20 ??, ????????, 4??.',1166,6,14,1124.32),(447,'LS20/715 ???? ????/4','????? ??? ????? V-????????, H715 ??, ????. ??????, 4??.',696,6,14,999.00),(448,'LS20/715 ???? ???/4','????? ??? ????? V-????????, H715 ??, ???? ???????, 4??.',904,6,14,1589.95),(449,'LS20/715 ????/4','????? ??? ????? V-????????, H715 ??, ???? ?????????????, 4??.',2235,6,14,1703.52),(450,'LS720 GR 4','????? ??? ????? V-????????, H720 ??, ?????, 4??.',2024,6,14,585.00),(451,'LS720 MT 4','????? ??? ????? V-????????, H720 ??, ????????, 4??.',1314,6,14,1170.00),(452,'T027.C70N.110','????? ??? ????? ????????, D50, ?700+30??, ????, 1??.',1930,1,14,1411.76),(453,'T027.C70N.208','????? ??? ????? ????????, D50, ?700+30??, ???????, 1??.',510,1,14,1614.40),(454,'V40X40/720 AL','????? ??? ????? V-????????, 40?40, H720+5??, ???? ???????, 1??.',68,1,14,1362.82),(455,'V40X40/720 BL','????? ??? ????? V-????????, 40?40, H720+5??, ??????, 1??.',798,1,14,1362.82),(456,'V40X40/720 CR','????? ??? ????? V-????????, 40?40, H720+5??, ???? ?????????????, 1??.',2770,1,14,1646.74),(457,'X4RG 1100 CR 1','????? ??? ?????, D60, H1100+25 ??, ????, 1??.',754,1,14,400.12),(458,'X4RG 710 / 4 ??','????? ??? ?????, D60, H715+25 ??, ????, 4??.',2535,6,14,1200.00),(459,'X4RG 710 CR 4','????? ??? ?????, D60, H710+25 ??, ????, 4??.',2919,6,14,1017.37),(460,'X4RG 710 MCR 4','????? ??? ?????, D60, H710+25 ??, ???. ????, 4??.',796,6,14,1200.29),(461,'X4RG 710 MNK 4','????? ??? ?????, D60, H710+25 ??, ???. ??????, 4??.',666,6,14,1364.83),(462,'X4RG 710/MCR 4 ??','????? ??? ?????, D60, H715+25 ??, ???. ????, 4??.',1235,6,14,1400.00),(463,'X4RG 870 CR 1','????? ??? ?????, D60, H870+25 ??, ????, 1??.',619,1,14,325.83),(464,'?60X30/720 AL','????? ??? ????? ?-????????, 60?30, H720+5??, ???? ???????, 1??.',1306,1,14,1873.87),(465,'?60X30/720 BL','????? ??? ????? ?-????????, 60?30, H720+5??, ??????, 1??.',2957,1,14,1873.87),(466,'?60X30/720 CR','????? ??? ????? ?-????????, 60?30, H720+5??, ???? ?????????????, 1??.',2325,1,14,2044.22),(467,'??60X30/820-870 BL','????? ??? ????? ?-????????, 60?30, H820-870(+5??), ??????, 1??.',194,1,14,2044.22),(468,'??60X30/820-870 CR','????? ??? ????? ?-????????, 60?30, H820-870(+5??), ???? ?????????????, 1??.',1071,1,14,2214.58),(469,'??60X30/820-870 WH','????? ??? ????? ?-????????, 60?30, H820-870(+5??), ?????, 1??.',496,1,14,2044.22),(470,'???????? ???? ???','????? ????????, H450-630 ??, ???? ???????, 1??.',624,1,14,431.56),(471,'F7S60X60/730CR','????????? 60?60, H730+5??, ????, 1??.',80,8,14,5523.00),(472,'L1D60/730CR','????????? D60, H730+5??, ????, 1??.',1629,8,14,4095.00),(473,'T80X80/715BL','????????? 80?80, H715+5??, ??????, 1??.',671,8,14,3585.75),(474,'T80X80TWIN/715BL','????????? 80?80 ???????, H715+5??, ??????, 1??.',732,8,14,6069.00),(475,'? 76/715 ???? ???','????????? ? ??????? ?????, D60, H700, ???? ???????, 1??.',929,1,14,3179.90),(476,'? 76/715 ???? ??? ??','????????? ? ?????????? ?????, D60, H700, ???? ???????, 1??.',2128,1,14,3179.90),(477,'? 76/715 ????','????????? ? ??????? ?????, D60, H700, ???? ?????????????, 1??.',355,1,14,1240.00),(478,'? 76/715 ???? ??','????????? ? ?????????? ?????, D60, H700, ???? ?????????????, 1??.',1503,1,14,1440.00),(479,'ADJ1.020.CM','????? ???????????? ?20+8?? ???? ???????',1953,1,14,34.07),(480,'ADJ10.060.AL','????? ???????????? ?60+18?? ???? ???????',2817,1,14,433.41),(481,'ADJ10.060.CR','????? ???????????? ?60+18?? ????',1922,1,14,200.00),(482,'ADJ2.045.CM','????? ???????????? ?45+8?? ???? ???????',2805,1,14,39.75),(483,'ADJ3.040.CM','????? ???????????? ?40+10?? ???? ???????',1976,1,14,26.25),(484,'ADJ4.060.CMCR','????? ???????????? D56??, ?60+27?? ???? ???????/????',2366,1,14,56.78),(485,'ADJ4.100.CMCR','????? ???????????? D56??, ?100+27?? ???? ???????/????',998,1,14,62.46),(486,'ADJ5.100.CM','????? ???????????? ?100+10?? ???? ???????',1221,1,14,20.00),(487,'ADJ6.020.CM','????? ???????????? ?20+8?? ???? ???????',2625,1,14,24.15),(488,'ADJ7.060.AL','????? ???????????? D40??, ?60+18?? ????????',1235,1,14,46.07),(489,'ADJ7.060.CR','????? ???????????? D40??, ?60+18?? ????',1573,1,14,69.30),(490,'ADJ7.100.AL','????? ???????????? D40??, ?100+18?? ????????',374,1,14,59.85),(491,'ADJ7.100.CR','????? ???????????? D40??, ?100+18?? ????',812,1,14,77.70),(492,'ADJ7.120.AL','????? ???????????? D40??, ?120+18?? ????????',2371,1,14,71.87),(493,'ADJ7.150.AL','????? ???????????? D40??, ?150+18?? ????????',2881,1,14,86.61),(494,'ADJ7.150.CR','????? ???????????? D40??, ?150+18?? ????',1258,1,14,109.20),(495,'ADJ7.180.AL','????? ???????????? ?180+18?? ????????',2296,1,14,112.35),(496,'ADJ8.060.AL','????? ???????????? ?60+18?? ????????',1960,1,14,46.07),(497,'ADJ8.060.CR','????? ???????????? ?60+18?? ????',1350,1,14,57.75),(498,'ADJ8.100.AL','????? ???????????? ?100+18?? ????????',573,1,14,59.85),(499,'ADJ8.100.CR','????? ???????????? ?100+18?? ????',592,1,14,77.70),(500,'ADJ8.120.AL','????? ???????????? ?120+18?? ????????',2073,1,14,71.87),(501,'ADJ8.150.AL','????? ???????????? ?150+18?? ????????',695,1,14,86.61),(502,'ADJ8.150.CR','????? ???????????? ?150+18?? ????',2457,1,14,109.20),(503,'ADJ8.180.AL','????? ???????????? ?180+18?? ????????',1330,1,14,112.35),(504,'ADJ9.016.AL','????? ???????????? ?16+18?? ???? ???????',1339,1,14,272.40),(505,'ADJ9.016.CR','????? ???????????? ?16+18?? ????',2749,1,14,340.68),(506,'FIX01.050.CM','????? ???????????? ?50?? ???? ???????',1303,1,14,28.39),(507,'FIX01.100.CM','????? ???????????? ?100?? ???? ???????',2235,1,14,51.10),(508,'FIX01.150.CM','????? ???????????? ?150?? ???? ???????',1554,1,14,56.78),(509,'FIX011.100.CR','????? ???????????? ?100?? ????',394,1,14,100.00),(510,'FIX013.100.CR','????? ???????????? D50??, ?100?? ????',1848,1,14,50.00),(511,'FIX013/R.100.CR','????? ???????????? D50??, ?100?? ????',2462,1,14,82.95),(512,'FIX014.043.CR','????? ???????????? D40??, ?43?? ????',2223,1,14,50.00),(513,'FIX015.055.CR','????? ???????????? ?55?? ????',1042,1,14,332.48),(514,'FIX016.055.CR','????? ???????????? ?55?? ????',1404,1,14,184.83),(515,'FIX017.052.CR','????? ???????????? ?52?? ????',2205,1,14,230.84),(516,'FIX018.035.CR','????? ???????????? ?35?? ????',777,1,14,230.84),(517,'FIX019.135.CR','????? ???????????? ?135?? ????',951,1,14,225.61),(518,'FIX020.100.AL','????? ???????????? ?100?? ????????',2397,1,14,302.09),(519,'FIX020.120.AL','????? ???????????? ?120?? ????????',1287,1,14,320.60),(520,'FIX020.150.AL','????? ???????????? ?150?? ????????',274,1,14,350.29),(521,'LF010 ???? ????','????? ???????????? D51??, ?150+33?? ???????? ??????',558,1,14,140.83),(522,'NA01C00 100??','????? ???????????? ?100?? ????????',2315,1,14,150.00),(523,'NA02C00 100??','????? ???????????? ?100?? ????????',137,1,14,200.00),(524,'NA02C00 120??','????? ???????????? ?120?? ????????',2519,1,14,50.00),(525,'NA02C00 150??','????? ???????????? ?150?? ????????',686,1,14,50.00),(526,'NA03C00/100/R','????? ???????????? ?100+20?? ????????',104,1,14,573.71),(527,'NA10C00 R120??','????? ???????????? D32??, ?120+10?? ????????',2150,1,14,150.00),(528,'NA10C00 R150??','????? ???????????? D32??, ?150+10?? ????????',957,1,14,412.63),(529,'NA10C00/R 100??','????? ???????????? D32??, ?100+10?? ????????',535,1,14,362.16),(530,'NA10C00/R 180??','????? ???????????? D32??, ?180+10?? ????????',1115,1,14,417.86),(531,'NA11C00 R120??','????? ???????????? D50??, ?120+10?? ????????',2987,1,14,469.81),(532,'NA11C00 R150??','????? ???????????? D50??, ?150+10?? ????????',1755,1,14,473.49),(533,'NA11C00/R 100??','????? ???????????? D50??, ?100+10?? ????????',234,1,14,408.95),(534,'NA11C00/R 180??','????? ???????????? D50??, ?180+10?? ????????',602,1,14,484.65),(535,'NA12C00 R120??','????? ???????????? D50??, ?120+8?? ????????',1286,1,14,150.00),(536,'NA12C00 R150??','????? ???????????? D50??, ?150+8?? ????????',1208,1,14,150.00),(537,'NA12C00 R180??','????? ???????????? D50??, ?180+8?? ????????',1009,1,14,489.81),(538,'NA12C00/R 100??','????? ???????????? D50??, ?100+8?? ????????',2732,1,14,432.70),(539,'NA20C00 100??','????? ???????????? ?100?? ????????',1525,1,14,200.00),(540,'NA20C00/R 100??','????? ???????????? ?100+8?? ????????',130,1,14,631.60),(541,'NA50C00/ 100??','????? ???????????? ?100?? ????????',905,1,14,20.00),(542,'NA53C00/R 100??','????? ???????????? D32??, ?100+15?? ????????',2323,1,14,150.00),(543,'NZ0104/C 98??','????? ???????????? ?98?? ????',2151,1,14,50.00),(544,'NZ0204 90??','????? ???????????? ?90?? ????',1323,1,14,20.00),(545,'NZ0204/C 90??','????? ???????????? ?90?? ????',1894,1,14,20.00),(546,'NZ0404/C 124??','????? ???????????? ?124?? ????',103,1,14,50.00),(547,'NZ0704/C 120??','????? ???????????? ?120?? ????',2992,1,14,158.82),(548,'NZ0903 103??','????? ???????????? ?103?? ??????',2616,1,14,437.86),(549,'NZ0904/ADJ','????? ???????????? ?105+8?? ????',2400,1,14,176.63),(550,'NZ0904/C','????? ???????????? ?100?? ????',2325,1,14,50.00),(551,'NZ0906 103??','????? ???????????? ?103?? ?????? ???????',1765,1,14,362.94),(552,'NZ1804 103??','????? ???????????? ?103?? ????',2981,1,14,100.00),(553,'NZ4708 100??','????? ???????????? D35??, ?100+10?? ???? ???????',1103,1,14,443.80),(554,'NZ4708 120??','????? ???????????? D35??, ?120+10?? ???? ???????',1068,1,14,200.00),(555,'NZ5208RSM 55??','????? ???????????? ?55?? ???? ???????',2418,1,14,284.98),(556,'NZ5504 74??','????? ???????????? ?74+13?? ????',430,1,14,489.81),(557,'NZ5508 74??','????? ???????????? ?74+13?? ???? ???????',1496,1,14,489.81),(558,'04.C060','????? ??????????? ????? 1004, h=60 ??',2594,1,14,31.00),(559,'5.0261','???? ??? ??????????? ????? ???????? ????? 1004',1409,1,14,11.45),(560,'7.121','???? ????????? ??? ????? ????? 1004',563,1,14,6.86),(561,'1004.A60','????? ??????????? ????? 1004, h=60 ??',59,1,14,34.28),(562,'1501KEY','???? ??? ??????????? ????? ????? 1004',2662,1,14,589.12),(563,'2 01030 20 GR','??????? ????????????? D10, ?8 ? 18',1601,1,14,3.68),(564,'3 01070 10 EA','?????? ??? ????? Integrato, h=24',1283,1,14,1.75),(565,'3 01070 20 EA','INTEGRATO ?????? ??? ?????, ?=40 ??',2225,1,14,12.58),(566,'3 01070 30 EA','INTEGRATO ?????? ??? ?????, ?=60 ??',2319,1,14,14.49),(567,'3 03015 2000','REKORD12 ?????? ??? ????????? ?????, 120 ??',513,1,14,2995.00),(568,'3 03015 3000','REKORD12 ?????? ??? ????????? ?????, 96 ??',2966,1,14,2995.00),(569,'3 15010 30 WI','?????? ??? ??????????? ??????',2605,1,14,28.77),(570,'3 15040 10 ZN','???? ??? ????????? ?????? ??? ??????????? ??????',269,1,14,16.04),(571,'4017.CR 01','????? (????????????) ????',741,1,14,13.15),(572,'5521 10','????? ?????????? ?????????????',1533,1,14,40.00),(573,'6494 916 DX','KEY-F ????? ???????????? ????????, ??????????, ??????',1611,1,14,459.70),(574,'6494 917 SX','KEY-F ????? ???????????? ????????, ??????????, ?????',2476,1,14,459.70),(575,'6520 105','REKORD ????? ????????????, D12 ??, ?????? ????????? 52 ??',826,1,14,101.57),(576,'X4RG 710 / 4 ??','????? ??? ?????, D60, H715+25 ??, ????, 4??.',2535,6,14,1200.00),(577,'6520 107','REKORD ????? ????????????, D12 ??, ?????? ????????? 70 ??',1868,1,14,112.52),(578,'6520 109','REKORD ????? ????????????, D12 ??, ?????? ????????? 96 ??',1896,1,14,128.64),(579,'6520 112','REKORD ????? ????????????, D12 ??, ?????? ????????? 120 ??',1811,1,14,143.27),(580,'6544 4','POTENT ????????? ?????? 25 ??',398,1,14,6.55),(581,'6555 120','INTEGRATO Z ????? ????????????, ??????????? 10 ??',1332,1,14,47.50),(582,'6563 860','INTEGRATO ????? ???????????? ? ??????, ??????????? 25 ??, ???? ??????',100,1,14,48.27),(583,'6565 550','INTEGRATO ????? ???????????? ?? ????????, ??????????? 12 ??',1510,1,14,51.95),(584,'6565 570','INTEGRATO ????? ???????????? ?? ????????, ??????????? 25 ??',373,1,14,54.92),(585,'6565 850','INTEGRATO ????? ???????????? ? ??????, ??????????? 12 ??',1730,1,14,49.76),(586,'6565 870','INTEGRATO ????? ???????????? ? ??????, ??????????? 25 ??',812,1,14,54.07),(587,'6566 100','ATACAMA ????? ???????????? ? ?????????? ??? ? ????????, ??????????? 25 ??, ???? ??????',167,1,14,108.28),(588,'6568 100','ATACAMA J ?????-?????? ???????????? ? ?????????? ??? ? ????????, ??????????? 25 ??, ???? ?????',1103,1,14,245.68),(589,'LEV M10 X 15','????? ????????? ?? ????????? ??????? ????, ?10 ? 15',1304,1,14,80.22),(590,'LEV M8 X 70/L','????? ???????????? ? ?????????? ????????, ?????',1192,1,14,56.05),(591,'LEV M8 X 70/R','????? ???????????? ? ?????????? ????????, ??????',1953,1,14,56.05),(592,'PI01 M6 X 20','????? ????????? ??????, ?6 ? 20',543,1,14,4.59),(593,'PI02 M8 X 22','????? ????????? ??????, ?8 ? 22',2660,1,14,5.70),(594,'PI02 M8 X 25R','????? ????????? ??????, ?8 ? 25',2379,1,14,5.57),(595,'PI03 M10 X 25','????? ????????? ??????, ?10 ? 25',1028,1,14,9.06),(596,'PI03 M10 X 30R','????? ????????? ??????, ?10 ? 30',1314,1,14,9.08),(597,'PI04 (668)','????? ????????? ??????, ??????????? 17 ??',1958,1,14,16.67),(598,'PI04/CH','????? ????????? ??????, ??????????? 17 ??',1180,1,14,5.68),(599,'PI05 M6 X 17','????? ????????? ??????, ?6 ? 17',935,1,14,4.59),(600,'PI05 M6 X 18R','????? ????????? ??????, ?6 ? 18',638,1,14,3.40),(601,'PI06 M8 X 25R','????? ????????? ??????, ?8 ? 25',86,1,14,6.03),(602,'PI06 M8 X 30','????? ????????? ??????, ?8 ? 30',2614,1,14,6.00),(603,'PI07 M10 X 30','????? ????????? ??????, ?10 ? 30',486,1,14,10.99),(604,'PI07 M10 X 30R','????? ????????? ??????, ?10 ? 30',234,1,14,9.45),(605,'PI08-CH','????? ????????? ?????? H=17??, ??????????? 21??',1422,1,14,10.88),(606,'PI09','????? ????????? ??????, ??????????? 24 ??',1387,1,14,13.73),(607,'PI10 M6 X 20','????? ????????? ??????, ?6 ? 20',1958,1,14,7.49),(608,'PI11 PNE','????? ???????????? ? ?????????? ????????, ??????',1185,1,14,17.46),(609,'PI14','????? ????????? ? ?????? ?????? ??????, ?8 ? 27',2437,1,14,10.46),(610,'PI77 PNE','????? ????????? ?? ????????? ??????? ??????, ?10 ? 34',2467,1,14,85.10),(611,'T210K.1425.000','????? ???????, D14, 25 ??',2670,8,14,51.50),(612,'T210K.2032.101','????? ???????, D12, 32 ??',966,1,14,24.97),(613,'T210KNE.2025.101','????? ???????, D12, 52 ??',666,1,14,24.97),(614,'20?20?1,5','????????-?????????',1195,1,15,3.00),(615,'20?20?1,5?','????????-?????????',1799,1,15,3.00),(616,'25?25 M8','????????-????????? ? ??????, ?8',2837,1,15,15.96),(617,'25?25 ?10','????????-????????? ? ??????, ?10',1742,1,15,17.02),(618,'25?25?1,5','????????-?????????',1542,1,15,3.00),(619,'H008 D14','????????? ? ??????? ?????',1801,1,15,0.99),(620,'HR15-NB','????????? ????????????? ??????? D15, ?????????? (30 ??.)',385,6,15,25.37),(621,'HR15-W','????????? ????????????? ??????? D15, ????? (30 ??.)',2660,6,15,25.37),(622,'HR19-G','SuperGlide ????????? ???????, D19 ??, ?????????????',1099,1,15,20.57),(623,'HR19-N','SuperGlide ????????? ???????, D19 ??, ? ?????',1492,1,15,23.32),(624,'HR19-S','SuperGlide ????????? ???????, D19 ??, ??? ???????',2246,1,15,23.32),(625,'HR20-NB','????????? ????????????? ??????? D20, ?????????? (40 ??.)',860,6,15,46.30),(626,'HR20-W','????????? ????????????? ??????? D20, ????? (40 ??.)',85,6,15,46.30),(627,'HR25-NB','????????? ????????????? ??????? D25, ?????????? (24 ??.)',1032,6,15,34.49),(628,'HR25-W','????????? ????????????? ??????? D25, ????? (24 ??.)',968,6,15,34.49),(629,'HR30-G','SuperGlide ????????? ???????, D30 ??, ?????????????',725,1,15,28.06),(630,'HR30-N','SuperGlide ????????? ???????, D30 ??, ? ?????',638,1,15,32.58),(631,'HR30-S','SuperGlide ????????? ???????, D30 ??, ??? ???????',986,1,15,32.58),(632,'HR35-NB','????????? ????????????? ??????? D35, ?????????? (8 ??.)',1554,6,15,21.13),(633,'HR35-W','????????? ????????????? ??????? D35, ????? (8 ??.)',1791,6,15,21.13),(634,'HS2020-NB','????????? ????????????? ?????????? 20X20??, ??????????, 40 ??.',1166,6,15,46.30),(635,'HS2020-W','????????? ????????????? ?????????? 20X20??, ?????, 40 ??.',2999,6,15,46.30),(636,'HS3030-NB','????????? ????????????? ?????????? 30X30??, ??????????, 12 ??.',2673,6,15,20.21),(637,'HS3030-W','????????? ????????????? ?????????? 30X30??, ?????, 12 ??.',980,6,15,20.21),(638,'HS4040-NB','????????? ????????????? ?????????? 40X40??, ??????????, 12 ??.',219,6,15,40.43),(639,'HS4040-W','????????? ????????????? ?????????? 40X40??, ?????, 12 ??.',2956,6,15,40.43),(640,'SC01PNE','????????? ??????',1898,1,15,1.20),(641,'SC10PMA','???? ?????????, ??????????',2842,1,15,3.46),(642,'?????? 1000 ??','????????? ????????? ??? ??????, ??????',2809,6,15,590.00),(643,'???????-1 ??','????????? ?????? ???????',496,1,15,0.61),(644,'101.A2 GR','????? ???????????? ? ?????????, D60 ??, ?? ????????',1920,1,14,94.00),(645,'101.B2 GR','????? ???????????? ? ?????????, D60 ??, ??? ???????',2250,1,14,88.56),(646,'5521 10','????? ?????????? ?????????????',1632,1,14,40.00),(647,'613.R1','?????? ??? ????? ? ?????????',1233,1,14,472.07),(648,'CS-40U','????? ???????? ? U-???. ?????????? ??? ????? 16 ??, D40 ??',1150,1,14,26.22),(649,'CST10','????? ???????????? ? ?????????, D38 ??, ??? ???????',2431,1,14,133.16),(650,'CST20','????? ???????????? ? ?????????, D38 ??, ?? ????????',1796,1,14,147.72),(651,'CST79 CHROME','????? ???????????? ?????????, D75 ??, ??? ???????, ????',1424,1,14,373.47),(652,'CST79 GREY','????? ???????????? ?????????, D75 ??, ??? ???????, ?????',948,1,14,363.86),(653,'CST80 CHROME','????? ???????????? ?????????, D75 ??, ?? ????????, ????',2773,1,14,406.83),(654,'CST80 GREY','????? ???????????? ?????????, D75 ??, ?? ????????, ?????',617,1,14,397.22),(655,'CSU-50P','????? ???????? ? ?????????, D50 ??, ??? ???????',1598,1,14,57.82),(656,'FIX06','???????? 47?47 ?? ??? ????????? ???? CST79 ? CST80',698,1,14,38.59),(657,'FIX09','????? ?10 ??? ????????? ???? CST79 ? CST80',962,1,14,19.30),(658,'Helen80 Chrome','????? Helen 80 ?? (?? ????????), ????',671,1,14,75.00),(659,'JOK.034C.ZN 01','????? (????????) ?????.',1100,1,14,159.88),(660,'OK-40/1-CT','????? ???????????? ? ?????????, D40 ??, ?? ????????',668,1,14,16.19),(661,'OK-40/2-CT','????? ???????????? ? ?????? M8, D40 ??, ?? ????????',2907,1,14,15.62),(662,'OK-50/1-CT','????? ???????????? ? ?????????, D50 ??, ?? ????????',1659,1,14,18.45),(663,'OK-50/2-CT','????? ???????????? ? ?????? M10, D50 ??, ?? ????????',1707,1,14,17.88),(664,'PV06','???????? 48?48 ?? ? ?????? RU79 ? RU80',1259,1,14,15.24),(665,'PV09','????? ?10 ? ?????? RU79 ? RU80',1926,1,14,21.20),(666,'RU55PNE','????? ????????, ??????????, ??????',445,1,14,97.40),(667,'RU79','????? ???????????? ????????? 75 ?? (??? ???????)',208,1,14,388.74),(668,'RU80','????? ???????????? ????????? 75 ?? (?? ????????)',995,1,14,424.08),(669,'W00','????? ???????????? ? ?????? M10, D50 ??, ??? ???????',290,1,14,132.95),(670,'W00B','????? ???????????? ? ?????? M10, D50 ??, ?? ????????',389,1,14,141.01),(671,'W01','????? ???????????? ? ?????????, D50 ??, ??? ???????',2322,1,14,144.75),(672,'W01B','????? ???????????? ? ?????????, D50 ??, ?? ????????',1455,1,14,147.72),(673,'W02','????? ???????????? ? ?????????, D80 ??, ??? ???????',2940,1,14,163.27),(674,'W03','????? ???????????? ? ?????? M8, D40 ??, ??? ???????',508,1,14,39.50),(675,'W04','????? ???????????? ? ?????????, D40 ??, ??? ???????',1311,1,14,103.90),(676,'?? 3','????? ????????, ???????????, ??????????? ??????, ?????? 29 ??',2557,1,14,5.49),(677,'?? 3?','????? ????????, ???????????, ????????????? ??????, ?????? 29 ??',2430,1,14,17.14),(678,'?? 3?','????? ????????, ???????????, ??????????? ??????, ?????? 29 ??',1848,1,14,7.35),(679,'?? 5','????? ????????, ???????????, ??????????? ??????, ?????? 46 ??',2115,1,14,17.00),(680,'?? 5?','????? ????????, ???????????, ????????????? ??????, ?????? 46 ??',1895,1,14,23.15),(681,'??-40/1/K','????? ???????????? ? ?????????, D40 ??, ??? ???????',2588,1,14,14.84),(682,'??-40/2/K','????? ???????????? ? ?????? M8, D40 ??, ??? ???????',2767,1,14,14.14),(683,'??-50/1/K','????? ???????????? ? ?????????, D50 ??, ??? ???????',1271,1,14,17.10),(684,'??-50/2/K','????? ???????????? ? ?????? M10, D50 ??, ??? ???????',1709,1,14,16.68),(685,'100R','?????-?????? ?? ??????? ?????????? ??? ?????????, 64 ??',401,1,16,2.50),(686,'200R','?????-?????? ? ??????? ?????????? ??? ?????????, 64 ??',540,1,16,2.50),(687,'300R','?????-?????? ? ??????? ?????????? ??? ?????????, 105 ??',1667,1,16,3.98),(688,'4247.156','Discus ????????? ??? ?????? (????????)',1659,8,16,16.53),(689,'55015 R','????????? ????? ?????????????, ???????, ?????, 35 ??',2159,1,16,17.17),(690,'55019 R','????????? ????? ?????????????, ???????, ??????????, 35 ??',388,1,16,15.00),(691,'55031-016','????????? ????? ?????????????, ??????, ????? ??????????? ????????, 15 ??',1000,1,16,14.49),(692,'55031-017','????????? ????? ?????????????, ??????, ?????????? ??????????? ????????, 15 ??',188,1,16,14.49),(693,'55031-15','????????? ????? ?????????????, ???????, ?????, 35 ??',711,1,16,19.51),(694,'55031-19','????????? ????? ?????????????, ???????, ??????????, 35 ??',981,1,16,19.26),(695,'6 01033 50 ZN','LIKU ??????? ? ??????????? ???????? ??? ????? ??? ????????? ?????????? ??????',138,1,16,4.24),(696,'6 02035 40 ZN','LIBRA H7 ??????? ? ??????????? ???????? ??? ????? ??? ????????? ?????????? ??????',995,1,16,6.43),(697,'6 34120 30 EA','??????? ????? ? ?????? ??? ???????? ???????, ???????',2391,1,16,50.61),(698,'6 34200 10 ZN','LIBRA H1 ??????? ????????? ????? ????????????? ? ?????????? ?? ????????',2681,1,16,63.40),(699,'6 34200 20 ZN','LIBRA H2 ??????? ????????? ????? ????????????? ? ?????????? ?? ????? ? ????????',777,1,16,74.85),(700,'6 34205 00 ZN','LIBRA H6 ??????? ????????? ????? ? ?????????? ?? ????? D15, ??????',1269,1,16,354.04),(701,'6 34205 10 ZN','LIBRA H6 ??????? ????????? ????? ? ?????????? ?? ????? D15, ?????',1557,1,16,354.04),(702,'6 34222 00 ZN','LIBRA H7 ????????? ????? ??? ??????? ??????? ????? ? ?????????? ?? ?????, ??????',331,1,16,463.87),(703,'6 34222 10 ZN','LIBRA H7 ????????? ????? ??? ??????? ??????? ????? ? ?????????? ?? ?????, ?????',1071,1,16,463.87),(704,'6 34500 10 ZN','LIBRA WP1 ?????? ??? ???????, ?????',812,1,16,24.10),(705,'6 34500 20 ZN','LIBRA WP2 ?????? ??? ??????? ? ???????????? ????????????, ?????',2259,1,16,36.12),(706,'6 34500 50 ZN','LIBRA WP5 ?????? ??? ??????? ??? ??????? ??????? ?????, ?????',2363,1,16,108.78),(707,'6 34600 10 ZN','LIBRA CC1 ???????? ??? ??????? D12, ??????, ??????',1624,1,16,12.00),(708,'6 34610 10 BL','LIBRA CC2 ???????? ??? ??????? D12, ???????, ??????',1045,1,16,7.07),(709,'6 34610 10 GR','LIBRA CC2 ???????? ??? ??????? D12, ???????, ?????',2534,1,16,7.07),(710,'6 34610 10 WH','LIBRA CC2 ???????? ??? ??????? D12, ???????, ?????',1712,1,16,7.07),(711,'6 34630 10 GR','LIBRA CC3 ???????? ??? ??????? D30, ???????, ?????',1439,1,16,11.31),(712,'6 34630 10 WH','LIBRA CC3 ???????? ??? ??????? D30, ???????, ?????',2506,1,16,11.31),(713,'6 34660 10 ZN','LIBRA CC1 ???????? ??? ??????? D12, ??????, ??????',316,1,16,15.90),(714,'6 38010 00','LIKU ??????? ????? ????????????? ??? ??????????? ??? ?????? ??????',213,1,16,561.84),(715,'6 38024 00 ZN','LIKU WP ?????? ??? ???????? ??????, ?????',2978,1,16,177.41),(716,'6 40001 09','LIBRA CH ???????? ??????? ???????-??????, ? ?????????? ?? ????????',407,1,16,88.00),(717,'6 40030 01','LIBRA CH ???????????? ???????-????? ? ??????? ??????????, 307 ??',2612,1,16,687.22),(718,'6 40040 01','LIBRA CH ???????????? ???????-????? ? ??????? ??????????, 407 ??',155,1,16,757.76),(719,'6 40060 01','LIBRA CH ???????????? ???????-????? ? ??????? ??????????, 607 ??',2864,1,16,909.16),(720,'6 500120 01','LIBRA BS ????? ??? ???????? ??????? ??????? ?????, ?????? ?????? 1200 ?? (????????)',850,8,16,11587.77),(721,'6 50045 01','LIBRA BS ????? ??? ???????? ??????? ??????? ?????, ?????? ?????? 450 ?? (????????)',1225,8,16,5927.81),(722,'6 50060 01','LIBRA BS ????? ??? ???????? ??????? ??????? ?????, ?????? ?????? 600 ?? (????????)',1055,8,16,9484.55),(723,'6 50090 01','LIBRA BS ????? ??? ???????? ??????? ??????? ?????, ?????? ?????? 900 ?? (????????)',2142,8,16,10025.60),(724,'6 71049 6100','LIBRA H7 ??????????? ??????? ??? ??????, ????? 496 ??',1511,1,16,590.04),(725,'6 71079 6200','LIBRA H7 ??????????? ??????? ??? ??????, ????? 796 ??',1354,1,16,874.24),(726,'6 71109 6300','LIBRA H7 ??????????? ??????? ??? ??????, ????? 1096 ??',2363,1,16,1378.90),(727,'612-05 2M','????? ??? ????????? ??????? 2 ?, ?=48 ??',1090,1,16,224.90),(728,'612-05 2M/R','????? ??? ????????? ??????? 2 ?, ?=37 ??',2862,1,16,98.81),(729,'612-05 3M/R','????? ??? ????????? ??????? 3 ?, ?=37 ??',2179,1,16,170.35),(730,'ATC151.05.00','????????????? ????? ? ?????????, 70 ??',1714,8,16,271.62),(731,'K013.001L.101','801 ????????? ????? ??????????????????? ?? ????????, 100 ??, ?????',1243,1,16,78.38),(732,'K013.001R.101','801 ????????? ????? ??????????????????? ?? ????????, 100 ??, ??????',1669,1,16,78.38),(733,'K013.C00L.901','801 ???????? ??? ?????????? ??????, ???????, ?????, ?????',2639,1,16,8.34),(734,'K013.C00L.911','801 ???????? ??? ?????????? ??????, ???????, ?????, ?????',1275,1,16,8.34),(735,'K013.C00L.971','801 ???????? ??? ?????????? ??????, ???????, ??????????, ?????',1703,1,16,8.34),(736,'K013.C00L.972','801 ???????? ??? ?????????? ??????, ???????, ?????-??????????, ?????',2994,1,16,10.74),(737,'K013.C00R.901','801 ???????? ??? ?????????? ??????, ???????, ?????, ??????',1707,1,16,8.34),(738,'K013.C00R.911','801 ???????? ??? ?????????? ??????, ???????, ?????, ??????',197,1,16,8.34),(739,'K013.C00R.971','801 ???????? ??? ?????????? ??????, ???????, ??????????, ??????',2066,1,16,8.34),(740,'K013.C00R.972','801 ???????? ??? ?????????? ??????, ???????, ?????-??????????, ??????',2706,1,16,10.74),(741,'K014.001.101','????????????? ????? ??? ???????? ??????? ??? ???????, ?????, 20 ??',2470,1,16,65.66),(742,'K014.A00.101','?????? ??? ?????????????? ?????? ??? ???????? ??????? ??? ???????, ?????',716,1,16,17.32),(743,'K015.001L.000','806 ????????? ?????, ???????, 50 ??, ?????',278,1,16,40.16),(744,'K015.001L.000/RU','????????? ?????, ???????, 50 ??, ?????',2381,1,16,30.98),(745,'K015.001R.000','806 ????????? ?????, ???????, 50 ??, ??????',1771,1,16,40.16),(746,'K015.001R.000/RU','????????? ?????, ???????, 50 ??, ??????',1431,1,16,30.98),(747,'K015.C00L.911','806 ???????? ??? ?????????? ??????, ???????, ?????, ?????',590,1,16,8.55),(748,'K015.C00L.911/RU','???????? ??? ?????????? ??????, ???????, ?????, ?????',2507,1,16,7.29),(749,'K015.C00L.971','806 ???????? ??? ?????????? ??????, ???????, ??????????, ?????',78,1,16,8.55),(750,'K015.C00L.971/RU','???????? ??? ?????????? ??????, ???????, ??????????, ?????',1294,1,16,7.29),(751,'K015.C00R.911','806 ???????? ??? ?????????? ??????, ???????, ?????, ??????',2991,1,16,8.55),(752,'K015.C00R.911/RU','???????? ??? ?????????? ??????, ???????, ?????, ??????',1993,1,16,7.29),(753,'K015.C00R.971','806 ???????? ??? ?????????? ??????, ???????, ??????????, ??????',2358,1,16,8.55),(754,'K015.C00R.971/RU','???????? ??? ?????????? ??????, ???????, ??????????, ??????',2286,1,16,7.29),(755,'K015.C01L.901','806 ???????? ??? ?????????? ??????, ???????, ?????, ?????',760,1,16,8.55),(756,'K015.C01L.901/RU','???????? ??? ?????????? ??????, ???????, ?????, ?????',156,1,16,7.29),(757,'K015.C01R.901','806 ???????? ??? ?????????? ??????, ???????, ?????, ??????',736,1,16,8.55),(758,'K015.C01R.901/RU','???????? ??? ?????????? ??????, ???????, ?????, ??????',2863,1,16,7.29),(759,'K015.C02L.120','806 ???????? ??? ?????????? ??????, ??????, ??????, ?????',2526,1,16,13.85),(760,'K015.C02R.120','806 ???????? ??? ?????????? ??????, ??????, ??????, ??????',2793,1,16,13.85),(761,'K021.A01.101','814.35 ????? ??????? ??? ???????? ???????, 2 ??.',846,8,16,322.44),(762,'K025.001.101','814 ????? ??? ???????? ??????? ??? ???????, ?????, 50??',2367,1,16,96.48),(763,'K025.002.101','814 ????? ??? ???????? ??????? ? ????????, ?????, 50??',2471,1,16,112.81),(764,'K025.A00.101','814 ?????? ??? ?????? ???????? ???????, ?????',2551,1,16,23.04),(765,'K075.001L.007','807 ????????? ????? ??? ??????? ??????? ?????, ?????, 120 ??',705,1,16,126.16),(766,'K075.001R.007','807 ????????? ????? ??? ??????? ??????? ?????, ??????, 120 ??',2918,1,16,126.16),(767,'K075.C01L.006','807 ???????? ??? ?????????? ??????, ???????, ?????, ?????',162,1,16,11.17),(768,'K075.C01L.008','807 ???????? ??? ?????????? ??????, ???????, ?????, ?????',2095,1,16,11.17),(769,'K075.C01R.006','807 ???????? ??? ?????????? ??????, ???????, ?????, ??????',2140,1,16,11.17),(770,'K075.C01R.008','807 ???????? ??? ?????????? ??????, ???????, ?????, ??????',1853,1,16,11.17),(771,'K075.CH023.007','807 ?????? ??? ?????????? ??????, ?????',1188,1,16,63.40),(772,'N2D22X40X81L','????? ????????????? ? ?????????? ? ???? ??????????, 22?40?81 ??, ?????',2088,1,16,6.86),(773,'N2D22X40X81R','????? ????????????? ? ?????????? ? ???? ??????????, 22?40?81 ??, ??????',1809,1,16,6.86),(774,'NH38X34','????? ????????? ? ?????????????? ??????????, 38?34 ??',2485,1,16,2.92),(775,'510C0005 00','???????? ???????????? ?? ????? ?????',2532,1,5,5.44),(776,'510C000500C','???????? ???????????? ?? ????? ?????',448,1,5,2.26),(777,'510Y0005 0N','???????? ???????????? ?? ????? ?????, ??????',1727,1,5,3.39),(778,'510YFGV5 00','???????? ???????????? ?? ????? ?????, ??????, ? ????????? FGV',1620,1,5,4.10),(779,'520SP606 05','????????? ??? ????????? ???.???? ?????, 5 ???. 1 ??',841,1,5,7.14),(780,'6 34630 10 GR','LIBRA CC3 ???????? ??? ??????? D30, ???????, ?????',1439,1,16,11.31),(781,'A901/GF4293','?????????? ??? Anyway Clip ?? Slide-on',1914,1,5,1.50),(782,'CB03/GN','???????? ???????????? ?? ????? ?????',2177,1,5,1.68),(783,'CC90','???????? ???????????? ?? ????? ?????, ??????',1460,1,5,0.43),(784,'CC92G-M','???????? ???????????? ?? ????? ?????, ??????',2698,1,5,0.40),(785,'D9FNGK62','?????????? ???? ??? ??????????? ?????',238,8,5,3.35),(786,'F072135500','???????? ?? ????? ????? TIOMOS',920,1,5,7.00),(787,'F072135503','???????? ?? ????? ????? TIOMOS',2195,1,5,13.71),(788,'F072135751','???????????? ???? ?????????? ?? 85 ???. ??? ??????????? ?????? TIOMOS',1179,1,5,23.11),(789,'F072135757','???????? ??? ????????? ???? ????????? ????? TIOMOS +5 ???.',1578,1,5,31.59),(790,'F072135758','???????? ??? ????????? ???? ????????? ????? TIOMOS -5 ???.',1728,1,5,31.59),(791,'V6310/F','???????? ? ??????????? ???????? ??? ???????? ????????? ???????? ??????, 6.3 X 10.6',2818,1,5,2.19),(792,'??911','???????? ???????????? ?? ????? ?????, ????',2478,1,5,0.61),(793,'51ASH50500C','????? Integra slowmotion ?? ?????????? ?????????? ??????????? (90/110) ?????????, ???????????? 45??',2015,1,5,24.30),(794,'51MN4505 22','????? ??? ??? 16-40 Slide-on D40 (90/90) ????????',2701,1,5,82.00),(795,'51MS1505 00','????? Slide-on ??????????? (90/110) ?????????',2877,1,5,15.27),(796,'51MS1505 08','????? Slide-on ??????????? (90/110) ?????????',486,1,5,18.24),(797,'6 34630 10 GR','LIBRA CC3 ???????? ??? ??????? D30, ???????, ?????',1439,1,16,11.31),(798,'51MS1505 15','????? Slide-on ??????????? (90/110) ????????',1977,1,5,17.00),(799,'51MS15P5 08','????? Slide-on ??????????? (90/110) ? ???. ????????, ?????????',1237,1,5,19.73),(800,'51MS8505 25','????? Slide-on ??????? (+25/110) ?????????',703,1,5,23.60),(801,'51MS85M5 90','????? Slide-on ?????? (180/110) ??? ???????????',2939,1,5,47.00),(802,'51MT1505 00','????? ??? ??? 16-30 Slide-on D35 (90/95) ?????????',2952,1,5,41.82),(803,'51QS1505 00','????? Mini QS ??????????? (90/105) ?????????',673,1,5,15.00),(804,'C121201','????? Mini 12 ??????????? (90/95) ?????????',2951,1,5,5.50),(805,'C121203','????? Mini 12 ??????? (+30/95)',1984,1,5,7.16),(806,'C121208','????? Mini 12 ?????? (180/95) ??? ???????????',1140,1,5,7.16),(807,'C123150','????? Mini 12 ??? ?????? ??????????? (90/95) ?????????',152,1,5,5.50),(808,'C123150 ??? ???????/?????? D','????? ??????????? ????????? ???????? ??? ???????/?????? D-???.',161,8,5,12.41),(809,'C123150 ??? ???????/?????? ???','????? ??????????? ????????? ???????? ??? ???????/?????? ????.',1885,8,5,12.41),(810,'C123150 ??? ???????/??? ??? D','????? ??????????? ????????? ???????? ??? ???????/??? ??? D-???.',720,8,5,15.46),(811,'C123150 ??? ???????/??? ??? ??','????? ??????????? ????????? ???????? ??? ???????/??? ??? ????.',1684,8,5,12.41),(812,'C123150 ??? ???????/?? ??? D','????? ??????????? ????????? ???????? ??? ???????/?? ??? D-???.',729,8,5,12.41),(813,'C123150 ??? ???????/?? ??? ?','????? ??????????? ????????? ???????? ??? ???????/?? ??? ????.',537,8,5,12.41),(814,'C123150 ??? ???????/???? D','????? ??????????? ????????? ???????? ??? ???????/???? D-???.',644,8,5,12.41),(815,'C123150 ??? ???????/???? ????','????? ??????????? ????????? ???????? ??? ???????/???? ????.',826,8,5,12.41),(816,'C123150 ??? ???????/???? D','????? ??????????? ????????? ???????? ??? ???????/???? D-???.',2171,8,5,13.96),(817,'C123150 ??? ???????/???? ????','????? ??????????? ????????? ???????? ??? ???????/???? ????.',792,8,5,13.96),(818,'C123150 ? ??????????/?????? D','????? ??????????? ????????? ???????? ? ???????????/?????? D-???.',572,8,5,12.41),(819,'C123150 ? ??????????/?????? ??','????? ??????????? ????????? ???????? ? ???????????/?????? ????.',1003,8,5,12.41),(820,'C123150 ? ??????????/??? ??? D','????? ??????????? ????????? ???????? ? ???????????/??? ??? D-???.',1723,8,5,15.46),(821,'C123150 ? ??????????/??? ??? ?','????? ??????????? ????????? ???????? ? ???????????/??? ??? ????.',1908,8,5,12.41),(822,'C123150 ? ??????????/?? ??? D','????? ??????????? ????????? ???????? ? ???????????/?? ??? D-???.',317,8,5,12.41),(823,'C123150 ? ??????????/?? ??? ??','????? ??????????? ????????? ???????? ? ???????????/?? ??? ????.',1871,8,5,12.41),(824,'C123150 ? ??????????/???? D','????? ??????????? ????????? ???????? ? ???????????/???? D-???.',1654,8,5,12.41),(825,'C123150 ? ??????????/???? ???','????? ??????????? ????????? ???????? ? ???????????/???? ????.',1365,8,5,12.41),(826,'C123150 ? ??????????/???? D','????? ??????????? ????????? ???????? ? ???????????/???? D-???.',2476,8,5,13.96),(827,'C123150 ? ??????????/???? ????','????? ??????????? ????????? ???????? ? ???????????/???? ????.',1663,8,5,13.96),(828,'C123152 ??? ???????/?????? D','????? ??????????? ???????? ???????? ??? ???????/?????? D-???.',1400,8,5,17.91),(829,'C123152 ??? ???????/?????? ???','????? ??????????? ???????? ???????? ??? ???????/?????? ????.',2627,8,5,17.91),(830,'C123152 ??? ???????/??? ??? D','????? ??????????? ???????? ???????? ??? ???????/??? ??? D-???.',1408,8,5,20.96),(831,'C123152 ??? ???????/??? ??? ??','????? ??????????? ???????? ???????? ??? ???????/??? ??? ????.',1096,8,5,17.91),(832,'C123152 ??? ???????/?? ??? D','????? ??????????? ???????? ???????? ??? ???????/?? ??? D-???.',2882,8,5,17.91),(833,'C123152 ??? ???????/?? ??? ???','????? ??????????? ???????? ???????? ??? ???????/?? ??? ????.',725,8,5,17.91),(834,'C123152 ??? ???????/???? D','????? ??????????? ???????? ???????? ??? ???????/???? D-???.',2014,8,5,17.91),(835,'C123152 ??? ???????/???? ?????','????? ??????????? ???????? ???????? ??? ???????/???? ????.',452,8,5,17.91),(836,'C123152 ??? ???????/???? D','????? ??????????? ???????? ???????? ??? ???????/???? D-???.',1098,8,5,19.46),(837,'C123152 ??? ???????/???? ????','????? ??????????? ???????? ???????? ??? ???????/???? ????.',161,8,5,19.46),(838,'C123152 ? ??????????/?????? D','????? ??????????? ???????? ???????? ? ???????????/?????? D-???.',1609,8,5,17.91),(839,'C123152 ? ??????????/?????? ??','????? ??????????? ???????? ???????? ? ???????????/?????? ????.',1137,8,5,17.91),(840,'C123152 ? ??????????/??? ??? D','????? ??????????? ???????? ???????? ? ???????????/??? ??? D-???.',2647,8,5,20.96),(841,'C123152 ? ??????????/??? ??? ?','????? ??????????? ???????? ???????? ? ???????????/??? ??? ????.',1692,8,5,17.91),(842,'C123152 ? ??????????/?? ??? D','????? ??????????? ???????? ???????? ? ???????????/?? ??? D-???.',1477,8,5,17.91),(843,'C123152 ? ??????????/?? ??? ??','????? ??????????? ???????? ???????? ? ???????????/?? ??? ????.',1983,8,5,17.91),(844,'C123152 ? ??????????/???? D','????? ??????????? ???????? ???????? ? ???????????/???? D-???.',1901,8,5,17.91),(845,'C123152 ? ??????????/???? ????','????? ??????????? ???????? ???????? ? ???????????/???? ????.',1489,8,5,17.91),(846,'C123152 ? ??????????/???? D','????? ??????????? ???????? ???????? ? ???????????/???? D-???.',1215,8,5,19.46),(847,'C123152 ? ??????????/???? ????','????? ??????????? ???????? ???????? ? ???????????/???? ????.',134,8,5,19.46),(848,'C123153','????? Mini 12 ??? ?????? ??????? (+30/95)',941,1,5,8.50),(849,'C123153 ??? ???????/?????? D','????? ??????? (+30) ???????? ??? ???????/?????? D-???.',837,8,5,15.41),(850,'C123153 ??? ???????/?????? ???','????? ??????? (+30) ???????? ??? ???????/?????? ????.',1985,8,5,15.41),(851,'C123153 ??? ???????/??? ??? D','????? ??????? (+30) ???????? ??? ???????/??? ??? D-???.',333,8,5,18.46),(852,'C123153 ??? ???????/??? ??? ??','????? ??????? (+30) ???????? ??? ???????/??? ??? ????.',2862,8,5,15.41),(853,'C123153 ??? ???????/???? D','????? ??????? (+30) ???????? ??? ???????/???? D-???.',723,8,5,15.41),(854,'C123153 ??? ???????/???? ????','????? ??????? (+30) ???????? ??? ???????/???? ????.',2003,8,5,15.41),(855,'C123153 ??? ???????/???? ??? D','????? ??????? (+30) ???????? ??? ???????/???? ??? D-???.',100,8,5,15.41),(856,'C123153 ??? ???????/???? ??? ?','????? ??????? (+30) ???????? ??? ???????/???? ??? ????.',2543,8,5,15.41),(857,'C123153 ??? ???????/???? D','????? ??????? (+30) ???????? ??? ???????/???? D-???.',680,8,5,16.96),(858,'C123153 ??? ???????/???? ????','????? ??????? (+30) ???????? ??? ???????/???? ????.',2650,8,5,16.96),(859,'C123153 ? ??????????/?????? D','????? ??????? (+30) ???????? ? ???????????/?????? D-???.',417,8,5,15.41),(860,'C123153 ? ??????????/?????? ??','????? ??????? (+30) ???????? ? ???????????/?????? ????.',1987,8,5,15.41),(861,'C123153 ? ??????????/??? ??? D','????? ??????? (+30) ???????? ? ???????????/??? ??? D-???.',2484,8,5,18.46),(862,'C123153 ? ??????????/??? ??? ?','????? ??????? (+30) ???????? ? ???????????/??? ??? ????.',582,8,5,15.41),(863,'C123153 ? ??????????/?? ??? D','????? ??????? (+30) ???????? ? ???????????/?? ??? D-???.',2294,8,5,15.41),(864,'C123153 ? ??????????/?? ??? ??','????? ??????? (+30) ???????? ? ???????????/???? ??? ????.',545,8,5,15.41),(865,'C123153 ? ??????????/???? D','????? ??????? (+30) ???????? ? ???????????/???? D-???.',2060,8,5,15.41),(866,'C123153 ? ??????????/???? ????','????? ??????? (+30) ???????? ? ???????????/???? ????.',2293,8,5,15.41),(867,'C123153 ? ??????????/???? D','????? ??????? (+30) ???????? ? ???????????/???? D-???.',2641,8,5,16.96),(868,'C123153 ? ??????????/???? ????','????? ??????? (+30) ???????? ? ???????????/???? ????.',950,8,5,16.96),(869,'C123158','????? Mini 12 ??? ?????? ?????? (180/110)',1948,1,5,8.50),(870,'C123158 ??? ???????/?????? D','????? ?????? (180) ???????? ??? ???????/?????? D-???.-???.',455,8,5,15.41),(871,'C123158 ??? ???????/?????? ???','????? ?????? (180) ???????? ??? ???????/?????? ????.',1406,8,5,15.41),(872,'C123158 ??? ???????/??? ??? D','????? ?????? (180) ???????? ??? ???????/??? ??? D-???.-???.',1505,8,5,18.46),(873,'C123158 ??? ???????/??? ??? ??','????? ?????? (180) ???????? ??? ???????/??? ??? ??',1125,8,5,15.41),(874,'C123158 ??? ???????/?? ??? D','????? ?????? (180) ???????? ??? ???????/???? ??? D-???.',50,8,5,15.41),(875,'C123158 ??? ???????/?? ??? ??','????? ?????? (180) ???????? ??? ???????/???? ??? ????.',778,8,5,15.41),(876,'C123158 ??? ???????/???? D','????? ?????? (180) ???????? ??? ???????/???? D-???.',1557,8,5,15.41),(877,'C123158 ??? ???????/???? ????','????? ?????? (180) ???????? ??? ???????/???? ????.',2633,8,5,15.41),(878,'C123158 ??? ???????/???? D','????? ?????? (180) ???????? ??? ???????/???? D-???.',345,8,5,16.96),(879,'C123158 ??? ???????/???? ????','????? ?????? (180) ???????? ??? ???????/???? ????.',2354,8,5,15.41),(880,'C123158 ? ??????????/?????? D','????? ?????? (180) ???????? ? ???????????/?????? D-???.',2195,8,5,15.41),(881,'C123158 ? ??????????/?????? ??','????? ?????? (180) ???????? ? ???????????/?????? ????.',2192,8,5,15.41),(882,'C123158 ? ??????????/??? ??? D','????? ?????? (180) ???????? ? ???????????/??? ??? D-???.',154,8,5,18.46),(883,'C123158 ? ??????????/??? ??? ?','????? ?????? (180) ???????? ? ???????????/??? ??? ??',2086,8,5,15.41),(884,'C123158 ? ??????????/?? ??? D','????? ?????? (180) ???????? ? ???????????/???? ??? D-???.',534,8,5,15.41),(885,'C123158 ? ??????????/?? ??? ??','????? ?????? (180) ???????? ? ???????????/???? ??? ????.',1055,8,5,15.41),(886,'C123158 ? ??????????/???? D','????? ?????? (180) ???????? ? ???????????/???? D-???.',448,8,5,15.41),(887,'C123158 ? ??????????/???? ????','????? ?????? (180) ???????? ? ???????????/???? ????.',2417,8,5,15.41),(888,'C123158 ? ??????????/???? D','????? ?????? (180) ???????? ? ???????????/???? D-???.',1799,8,5,16.96),(889,'C123158 ? ??????????/???? ????','????? ?????? (180) ???????? ? ???????????/???? ????.',2259,8,5,16.96),(890,'C91505BW','????? Anyway Clip 91 DIGIT ??????????? (90/110) ?????????',183,1,5,5.50),(891,'C95028L H','????? Slide-on 95 ??????? (-30/125) ?????????, ??????',2369,1,5,5.00),(892,'C95028M H','????? Slide-on 95 ??????? (-45/125) ?????????, ??????',1892,1,5,5.00),(893,'C95304C','????? Slide-on 95 ??????????? (90/170), ????????',621,1,5,21.50),(894,'C95350A','????? Slide-on 95 ??????????? (90/95) ??? ??. ????., ?????????',1101,1,5,4.50),(895,'C95350B','????? Slide-on 95 ??????????? (90/95) ??? ??. ????., ?????????',2907,1,5,4.50),(896,'E20086D','????? Harmony ?? ?????????? ?????????? ??????? (+30/95)',2491,1,5,14.64),(897,'E21087C','????? Harmony ?? ?????????? ?????????? ??????????? (90/110) ????????',1010,1,5,26.23),(898,'F078073812','????? ???? E90 ????????',2145,1,5,30.00),(899,'G2264','???????? ???????????? Mini 12 ???????, ????',97,1,5,3.05),(900,'G2265','???????? ???????????? Mini 12 ???????, ???? ???????',1262,1,5,3.05),(901,'G226L','???????? ???????????? Mini 12 ???????, ??????',2108,1,5,3.05),(902,'G226V','???????? ???????????? Mini 12 ???????, ?????? ???????',382,1,5,3.05),(903,'G2274','???????? ???????????? Mini 12 D-??????., ????',204,1,5,3.05),(904,'G2275','???????? ???????????? Mini 12 D-??????., ???? ???????',1089,1,5,3.05),(905,'G227L','???????? ???????????? Mini 12 D-??????., ??????',1889,1,5,3.05),(906,'GA26L','?????? ????????? Mini 12 ???????',1433,1,5,1.68),(907,'GA27L','?????? ????????? Mini 12 D-??????.',720,1,5,1.68),(908,'H90086DW','????? Anyway Clip 90 ??????? (+30/95) ????????',522,1,5,4.50),(909,'H90086NW','????? Anyway Clip 90 ??????? (+30/95) ?????????',729,1,5,45.00),(910,'H95086D H','????? Slide-on 95 ??????? (+30/95) ????????, ??????',848,1,5,5.00),(911,'H95086E H','????? Slide-on 95 ??????? (+45/95) ????????, ??????',1228,1,5,5.00),(912,'H95086N H','????? Slide-on 95 ??????? (+30/95) ?????????, ??????',2553,1,5,5.00),(913,'H95086P H','????? Slide-on 95 ??????? (+45/95) ?????????, ??????',1730,1,5,5.00),(914,'H95087A H','????? Slide-on 95 ??????????? (90/110) ?????????, ??????',2230,1,5,11.00),(915,'H95087B H','????? Slide-on 95 ??????????? (90/110) ?????????, ??????',2947,1,5,4.50),(916,'V220/G','???? ??? ?????? Mini 12',2796,1,5,0.25),(917,'W90086DW','????? Anyway Clip 90 ??????? (+30/95) ????????, ??? ???????????? WAVE',1397,1,5,4.50),(918,'W95086D','????? Slide-on 95 ??????? (+30/95) ????????, ??? ???????????? WAVE',2961,1,5,7.00),(919,'W95086N','????? Slide-on 95 ??????? (+30/95) ?????????, ??? ???????????? WAVE',2274,1,5,7.00),(920,'W95087A','????? Slide-on 95 ??????????? (90/110) ?????????, ??? ???????????? WAVE',1241,1,5,4.50),(921,'W95087B','????? Slide-on 95 ??????????? (90/110) ?????????, ??? ???????????? WAVE',630,1,5,4.50),(922,'2021 BLACK','?????. ?????? ??? ????? ?? ???, ??????',905,8,5,58.81),(923,'2023 BRASS','?????. ?????? ??? ?????. ?????, ??????',214,8,5,5.00),(924,'3005 CR','?????. ?????? ??? ?????. ?????, ????',1592,8,5,321.59),(925,'3005 GD','?????. ?????? ??? ?????. ?????, ??????',2260,8,5,115.00),(926,'3005 MN','?????. ?????? ??? ?????. ?????, ?????? ???????',1730,8,5,321.59),(927,'4 01070 20 HD','????? ??? ??????? ??? ???????? ???????, ??????',560,1,5,201.30),(928,'4 01070 20 HD.CH','????? ??? ??????? ??? ???????? ???????, ????',1444,1,5,64.25),(929,'A04','????? ???????????????? ??? ??????.',291,1,5,98.25),(930,'C01 00008 01','KIMANA ??????? ??????? 3 ??',2080,1,5,42.48),(931,'C01 00008 02','KIMANA ??????? ??????? 1,5 ??',2041,1,5,169632.00),(932,'C01 00008 81','KIMANA ????? ??? ???????? ?????????',385,8,5,306.04),(933,'CE01','????? ?????????',687,1,5,34.55),(934,'CF0000AH','???????? ???????????? ???????? CF /???????',2701,1,5,24.74),(935,'CF0000BH','????????? ???????????? ???????? CF /???????',131,1,5,24.67),(936,'CF01024 CL','????? CF ??? ?????. ????? ????????, ??? ?????????, ????',1699,1,5,310.99),(937,'CF01024 NP','????? CF ??? ?????. ????? ????????, ??? ?????????, ??????????? ?????',231,1,5,310.99),(938,'CF01025 CL','????? CF ??? ?????. ????? ?????????, ??? ?????????, ????',2444,1,5,310.99),(939,'CF01025 NP','????? CF ??? ?????. ????? ?????????, ??? ?????????, ??????????? ?????',1320,1,5,310.99),(940,'CI-K000','????? ???????? ?????? D10, ??? 16 ??',977,1,5,75.13),(941,'CI-K001','????? ???????? ?????? D12, ??? 18 ??',1063,1,5,86.02),(942,'CI-K002','????? ???????? ?????? D14, ??? 20 ??',2244,1,5,96.90),(943,'CI-K003','????? ???????? ?????? D16, ??? 22 ??',2742,1,5,118.67),(944,'CI-K004','????? ???????? ?????? D18, ??? 25 ??',2644,1,5,141.57),(945,'D/10 CR','????? ??? ?????. ????? ? ??????? D/11, ????',2793,1,5,43.40),(946,'D/11 CR.CH','?????. ?????? ??? ?????. ?????, ????',1855,8,5,219.74),(947,'D/12 BR','????? ??? ?????. ????? ? ??????? D/13, ??????',1968,1,5,15.00),(948,'D/12 CR','????? ??? ?????. ????? ? ??????? D/13, ????',1837,1,5,109.55),(949,'D/13 BR','?????. ?????? ??? ?????. ?????, ??????',2572,8,5,52.50),(950,'D/13 CR.CH','?????. ?????? ??? ?????. ?????, ????',815,8,5,302.37),(951,'D/15 CR.CH','?????. ?????? ??? ?????. ?????, ????',621,8,5,302.37),(952,'F150000006','MB ????? ??? ?????? ?????????????',1382,1,5,102.27),(953,'F150000007','MB-6110 ????? ????????????? 16/3 ??, ???????? (?????)',1410,8,5,18723132.00),(954,'F150000008','MB-6210 ????? ????????????? 16/3 ??, ????????? (?????)',2707,8,5,187.23),(955,'F150000013','MB-8210 ????? ????????????? 16/4 ??, ????????? (?????)',2249,8,5,187.23),(956,'RD-14E','????? ??? ???????? ?????????',1193,1,5,86.02),(957,'RD-14E BR','????? ??? ???????? ?????????, ??????',2068,1,5,86.02),(958,'ZS1002-?','????? ????????? ?????? (?????)',830,1,5,72.80),(959,'ZS1002-?','????? ????????? ?????? (??????)',1433,1,5,72.80),(960,'ZS9004 (?/???)/50 ??','?????. ?????? ??? ?????. ?????, ????',1060,6,5,3180.32),(961,'ZS9004 / 50 ?-?','?????. ?????? ??? ?????. ????? +?????, ????',1882,6,5,5464.77),(962,'ZS9005','?????. ?????? ??? ?????. ????? + ?????, ??????',1160,8,5,33.00),(963,'ZS9005 (?/???)','?????. ?????? ??? ?????. ?????, ??????',452,8,5,30.00),(964,'ZS9008','?????. ?????? ??? ?????. ????? + ?????, ???? ???????',2489,8,5,115.07),(965,'ZS9008 (?/???)','?????. ?????? ??? ?????. ?????, ???? ???????',245,8,5,72.66),(966,'ZS9030 (?/???)','?????. ?????? ??? ?????. ?????, ??????',118,8,5,34.00);
/*!40000 ALTER TABLE `furnitures` ENABLE KEYS */;
UNLOCK TABLES;

--
-- Temporary view structure for view `furnituresv`
--

DROP TABLE IF EXISTS `furnituresv`;
/*!50001 DROP VIEW IF EXISTS `furnituresv`*/;
SET @saved_cs_client     = @@character_set_client;
/*!50503 SET character_set_client = utf8mb4 */;
/*!50001 CREATE VIEW `furnituresv` AS SELECT 
 1 AS `furnitureId`,
 1 AS `article`,
 1 AS `furnitureName`,
 1 AS `count`,
 1 AS `measureName`,
 1 AS `fragmentTypeName`,
 1 AS `price`*/;
SET character_set_client = @saved_cs_client;

--
-- Table structure for table `gosts`
--

DROP TABLE IF EXISTS `gosts`;
/*!40101 SET @saved_cs_client     = @@character_set_client */;
/*!50503 SET character_set_client = utf8mb4 */;
CREATE TABLE `gosts` (
  `gostId` int NOT NULL AUTO_INCREMENT,
  `gostName` tinytext,
  PRIMARY KEY (`gostId`)
) ENGINE=InnoDB AUTO_INCREMENT=3 DEFAULT CHARSET=utf8mb4 COLLATE=utf8mb4_0900_ai_ci;
/*!40101 SET character_set_client = @saved_cs_client */;

--
-- Dumping data for table `gosts`
--

LOCK TABLES `gosts` WRITE;
/*!40000 ALTER TABLE `gosts` DISABLE KEYS */;
INSERT INTO `gosts` VALUES (1,'???? 8486-86'),(2,'???? 497686');
/*!40000 ALTER TABLE `gosts` ENABLE KEYS */;
UNLOCK TABLES;

--
-- Table structure for table `materials`
--

DROP TABLE IF EXISTS `materials`;
/*!40101 SET @saved_cs_client     = @@character_set_client */;
/*!50503 SET character_set_client = utf8mb4 */;
CREATE TABLE `materials` (
  `materialId` int NOT NULL AUTO_INCREMENT,
  `article` tinytext,
  `materialName` tinytext,
  `measureId` int DEFAULT NULL,
  `length` float DEFAULT NULL,
  `count` int DEFAULT NULL,
  `price` decimal(10,2) DEFAULT NULL,
  `materialTypeId` int DEFAULT NULL,
  `gostId` int DEFAULT NULL,
  `specializationId` int DEFAULT NULL,
  PRIMARY KEY (`materialId`),
  KEY `gostId` (`gostId`),
  KEY `materialTypeId` (`materialTypeId`),
  KEY `measureId` (`measureId`),
  CONSTRAINT `materials_ibfk_1` FOREIGN KEY (`gostId`) REFERENCES `gosts` (`gostId`) ON DELETE CASCADE ON UPDATE CASCADE,
  CONSTRAINT `materials_ibfk_2` FOREIGN KEY (`materialTypeId`) REFERENCES `materialtypes` (`materialTypeId`) ON DELETE CASCADE ON UPDATE CASCADE,
  CONSTRAINT `materials_ibfk_3` FOREIGN KEY (`measureId`) REFERENCES `measures` (`measureId`) ON DELETE CASCADE ON UPDATE CASCADE
) ENGINE=InnoDB AUTO_INCREMENT=252 DEFAULT CHARSET=utf8mb4 COLLATE=utf8mb4_0900_ai_ci;
/*!40101 SET character_set_client = @saved_cs_client */;

--
-- Dumping data for table `materials`
--

LOCK TABLES `materials` WRITE;
/*!40000 ALTER TABLE `materials` DISABLE KEYS */;
INSERT INTO `materials` VALUES (1,'?1','???? ????????, 100?150?6000 ??, 1 ????',1,6,0,800.00,1,NULL,NULL),(2,'?2','???? ????????, 100?200?6000 ??, 1 ????',1,6,0,1080.00,1,NULL,NULL),(3,'?3','???? ????????, 150?150?6000 ??, 1 ????',1,6,0,1200.00,1,NULL,NULL),(4,'?4','???? ????????, 150?200?6000 ??, 1 ????',1,6,0,1700.00,1,NULL,NULL),(5,'?5','???? ????????, 100x100x6000 ??, 1 ????',1,6,0,530.00,1,NULL,NULL),(6,'?6','???? ????????, 100?100?6000 ??, 2 ????',1,6,0,390.00,1,NULL,NULL),(7,'?7','?????? ????????, 50x50x6000 ??',1,6,0,130.00,1,NULL,NULL),(8,'?8','?????? ????????, 50x50x3000 ??',1,3,0,70.00,1,NULL,NULL),(9,'?9','?????? ????????, 40x50x3000 ??',1,3,0,60.00,1,NULL,NULL),(10,'?10','?????? ????????, 30x50x3000 ??',1,3,0,50.00,1,NULL,NULL),(11,'?11','?????? ????????, 25x50x3000 ??',1,3,0,35.00,1,NULL,NULL),(12,'?12','?????? ??????????, 45?45?3000 ??',1,3,0,130.00,1,NULL,NULL),(13,'?13','???????, 14?90?6000 ??, ????? ??',1,6,0,120.00,2,NULL,NULL),(14,'?14','???????, 14?90?5000 ??, ????? ??',1,5,0,102.00,2,NULL,NULL),(15,'?15','???????, 14?90?4000 ??, ????? ??',1,4,0,82.00,2,NULL,NULL),(16,'?16','???????, 14?90?3000 ??, ????? ??',1,3,0,65.00,2,NULL,NULL),(17,'?17','???????, 14?90?2500 ??, ????? ??',1,2.5,0,60.00,2,NULL,NULL),(18,'?18','???????, 14?90?2000 ??, ????? ??',1,2,0,48.00,2,NULL,NULL),(19,'?19','????? ????????, 25?100?6000 ??, 1 ????',1,6,0,130.00,3,NULL,NULL),(20,'?20','????? ????????, 25?150?6000 ??, 1 ????',1,6,0,200.00,3,NULL,NULL),(21,'?21','????? ????????, 30?150?6000 ??, 1 ????',1,6,0,270.00,3,NULL,NULL),(22,'?22','????? ????????, 40?150?6000 ??, 1 ????',1,6,0,330.00,3,NULL,NULL),(23,'?23','????? ????????, 40?200?6000 ??, 1 ????',1,6,0,440.00,3,NULL,NULL),(24,'?24','????? ????????, 50?100?6000 ??, 1 ????',1,6,0,280.00,3,NULL,NULL),(25,'?25','????? ????????, 50?150?6000 ??, 1 ????',1,6,0,400.00,3,NULL,NULL),(26,'?26','????? ????????, 50?200?6000 ??, 1 ????',1,6,0,530.00,3,NULL,NULL),(27,'?27','????? ????????, 25?100?6000 ??, 2 ????',1,6,0,100.00,3,NULL,NULL),(28,'?28','????? ????????, 25?150?6000 ??, 2 ????',1,6,0,115.00,3,NULL,NULL),(29,'?29','????? ????????, 50?100?6000 ??, 2 ????',1,6,0,195.00,3,NULL,NULL),(30,'?30','????? ????????, 50?150?6000 ??, 2 ????',1,6,0,290.00,3,NULL,NULL),(31,'?31','????? ????????, 50?200?6000 ??, 2 ????',1,6,0,390.00,3,NULL,NULL),(32,'?32','????? ???????, 36?135?6000 ??',1,6,0,400.00,3,NULL,NULL),(33,'?33','????? ???????, 28?135?6000 ??',1,6,0,330.00,3,NULL,NULL),(34,'?34','????? ??????????, 20?90?6000 ??',1,6,0,220.00,3,NULL,NULL),(35,'?35','????? ??????????, 20?140?6000 ??',1,6,0,320.00,3,NULL,NULL),(36,'?36','????? ??????????, 20?190?6000 ??',1,6,0,420.00,3,NULL,NULL),(37,'?37','????? ??????????, 28?140?6000 ??',1,6,0,380.00,3,NULL,NULL),(38,'?38','????? ??????????, 35?140?6000 ??',1,6,0,450.00,3,NULL,NULL),(39,'?39','????? ??????????, 45?90?6000 ??',1,6,0,400.00,3,NULL,NULL),(40,'?40','????? ??????????, 45?145?6000 ??',1,6,0,620.00,3,NULL,NULL),(41,'?41','????? ??????????, 45?190?6000 ??',1,6,0,770.00,3,NULL,NULL),(42,'?42','???????????, 14?90?6000 ??, ????? ??',1,6,0,120.00,4,NULL,NULL),(43,'?43','???????????, 14?90?5000 ??, ????? ??',1,5,0,102.00,4,NULL,NULL),(44,'?44','???????????, 14?90?4000 ??, ????? ??',1,4,0,82.00,4,NULL,NULL),(45,'?45','???????????, 14?90?3000 ??, ????? ??',1,3,0,65.00,4,NULL,NULL),(46,'?46','???????????, 14?90?2500 ??, ????? ??',1,2.5,0,60.00,4,NULL,NULL),(47,'?47','???????????, 14?90?2000 ??, ????? ??',1,2,0,48.00,4,NULL,NULL),(48,'?48','???????? ?????, 16?135?6000 ??',1,6,0,230.00,7,NULL,NULL),(49,'?49','???????? ?????, 21?135?6000 ??',1,6,0,290.00,7,NULL,NULL),(50,'?50','???????? ?????, 21?188?6000 ??',1,6,0,390.00,7,NULL,NULL),(51,'?51','????????, 70 ??',4,0,0,100.00,9,NULL,NULL),(52,'?52','????????, 90 ??',4,0,0,100.00,9,NULL,NULL),(53,'?53','????????? (?????????), 45?06 ??',4,0,0,25.00,12,NULL,NULL),(54,'?54','????????? (?????????), 35?06 ??',4,0,0,25.00,12,NULL,NULL),(55,'?55','???????, 25 ??',4,0,0,25.00,10,NULL,NULL),(56,'?56','???????, 35 ??',4,0,0,30.00,10,NULL,NULL),(57,'?57','???????, 45 ??',4,0,0,35.00,10,NULL,NULL),(58,'?58','??????, 25?25 ??',4,0,0,50.00,14,NULL,NULL),(59,'?59','??????, 35?35 ??',4,0,0,50.00,14,NULL,NULL),(60,'?60','??????, 45?45 ??',4,0,0,50.00,14,NULL,NULL),(61,'?61','??????, 10?10 ??',4,0,0,9.00,15,NULL,NULL),(62,'?62','????? ???????? 25*100*6000',1,6,66,8000.00,3,1,NULL),(63,'?63','????? ???????? 25*150*6000',1,6,44,8000.00,3,1,NULL),(64,'?64','????? ???????? 30*150*6000',1,6,37,8000.00,3,1,NULL),(65,'?65','????? ???????? 40*150*6000',1,6,27,8000.00,3,1,NULL),(66,'?66','????? ???????? 50*150*6000',1,0,22,8000.00,3,1,NULL),(67,'?67','????? ???????? 50*200*6000',1,0,16,8000.00,3,1,NULL),(68,'?68','???? 50*100*6000',1,0,33,8000.00,3,1,NULL),(69,'?69','???? 100*100*6000',1,0,16,8000.00,3,1,NULL),(70,'?70','???? 100*150*6000',1,0,11,8000.00,3,1,NULL),(71,'?71','???? 150*150*6000',1,0,7,8000.00,3,1,NULL),(72,'?72','???? 200*200*6000',1,0,4,8000.00,3,1,NULL),(73,'?73','????? ???????? 25*100*6000',1,0,66,7200.00,3,NULL,NULL),(74,'?74','????? ???????? 25*150*6000',1,0,44,7200.00,3,NULL,NULL),(75,'?75','????? ???????? 30*150*6000',1,0,37,7200.00,3,NULL,NULL),(76,'?76','????? ???????? 40*150*6000',1,0,27,7200.00,3,NULL,NULL),(77,'?77','????? ???????? 50*150*6000',1,0,22,7200.00,3,NULL,NULL),(78,'?78','????? ???????? 50*200*6000',1,0,16,7200.00,3,NULL,NULL),(79,'?79','???? 50*100*6000',1,0,33,7200.00,3,NULL,NULL),(80,'?80','???? 100*100*6000',1,0,16,7200.00,3,NULL,NULL),(81,'?81','???? 100*150*6000',1,0,11,7200.00,3,NULL,NULL),(82,'82','???? 150*150*6000',1,0,7,7200.00,NULL,NULL,NULL),(83,'?83','???? 200*200*6000',1,0,4,7200.00,3,NULL,NULL),(84,'?84','????? ???????? 25*100*6000',1,0,66,6990.00,3,NULL,NULL),(85,'?85','????? ???????? 25*150*6000',1,0,44,6990.00,3,NULL,NULL),(86,'?86','????? ???????? 30*150*6000',1,0,37,6990.00,3,NULL,NULL),(87,'?87','????? ???????? 40*150*6000',1,0,27,6990.00,3,NULL,NULL),(88,'?88','????? ???????? 50*150*6000',1,0,22,6990.00,3,NULL,NULL),(89,'?89','????? ???????? 50*200*6000',1,0,16,6990.00,3,NULL,NULL),(90,'?90','???? 50*100*6000',1,0,33,6990.00,3,NULL,NULL),(91,'?91','???? 100*100*6000',1,0,16,6990.00,3,NULL,NULL),(92,'?92','???? 100*150*6000',1,0,11,6990.00,3,NULL,NULL),(93,'?93','???? 150*150*6000',1,0,7,6990.00,3,NULL,NULL),(94,'?94','???? 200*200*6000',1,0,4,6990.00,3,NULL,NULL),(95,'?95','????? ???????? 25*100*6000',1,0,66,6390.00,3,NULL,NULL),(96,'?96','????? ???????? 25*150*6000',1,0,44,6390.00,3,NULL,NULL),(97,'?97','????? ???????? 30*150*6000',1,0,37,6390.00,3,NULL,NULL),(98,'?98','????? ???????? 40*150*6000',1,0,27,6390.00,3,NULL,NULL),(99,'?99','????? ???????? 50*150*6000',1,0,22,6390.00,3,NULL,NULL),(100,'?100','????? ???????? 50*200*6000',1,0,16,6390.00,3,NULL,NULL),(101,'?101','???? 50*100*6000',1,0,33,6390.00,3,NULL,NULL),(102,'?102','???? 100*100*6000',1,0,16,6390.00,3,NULL,NULL),(103,'?103','???? 100*150*6000',1,0,11,6390.00,3,NULL,NULL),(104,'?104','???? 150*150*6000',1,0,7,6390.00,3,NULL,NULL),(105,'?105','???? 200*200*6000',1,0,4,6390.00,3,NULL,NULL),(106,'?106','????? ?? ???????? 25*6000',1,0,12,4500.00,3,NULL,NULL),(107,'?107','????? ?? ???????? 30*6000',1,0,7,4500.00,3,NULL,NULL),(108,'?108','????? ?? ???????? 40*6000',1,0,27,4500.00,3,NULL,NULL),(109,'?109','????? ?? ???????? 50*6000',1,0,44,4500.00,3,NULL,NULL),(110,'?110','????? ???????? 25*100*6000',1,0,66,6000.00,3,NULL,NULL),(111,'?111','????? ???????? 25*150*6000',1,0,44,6000.00,3,NULL,NULL),(112,'?112','????? ???????? 30*150*6000',1,0,37,6000.00,3,NULL,NULL),(113,'?113','????? ???????? 40*150*6000',1,0,27,6000.00,3,NULL,NULL),(114,'?114','????? ???????? 50*150*6000',1,0,22,6000.00,3,NULL,NULL),(115,'?115','????? ???????? 50*200*6000',1,0,16,6000.00,3,NULL,NULL),(116,'?116','???? 50*100*6000',1,0,33,6000.00,1,NULL,NULL),(117,'?117','???? 100*100*6000',1,0,16,6000.00,1,NULL,NULL),(118,'?118','???? 100*150*6000',1,0,11,6000.00,1,NULL,NULL),(119,'?119','???? 150*150*6000',1,0,7,6000.00,1,NULL,NULL),(120,'?120','???? 200*200*6000',1,0,4,6000.00,1,NULL,NULL),(121,'?121','????? ?? ???????? 25*6000',1,0,22,4500.00,3,NULL,NULL),(122,'?122','????? ?? ???????? 30*6000',1,0,16,4500.00,3,NULL,NULL),(123,'?123','????? ?? ???????? 40*6000',1,0,66,4500.00,3,NULL,NULL),(124,'?124','????? ?? ???????? 50*6000',1,0,11,4500.00,3,NULL,NULL),(125,'?125','25?100?6 ?',1,0,0,110.00,11,NULL,NULL),(126,'?126','25?125?6 ?',1,0,0,135.00,11,NULL,NULL),(127,'?127','25?150?6 ?',1,0,0,160.00,11,NULL,NULL),(128,'?128','30?150?6 ?',1,0,0,190.00,11,NULL,NULL),(129,'?129','40?100?6 ?',1,0,0,175.00,11,NULL,NULL),(130,'?130','40?150?6 ?',1,0,0,260.00,11,NULL,NULL),(131,'?131','50?100?6 ?',1,0,0,215.00,11,NULL,NULL),(132,'?132','50?125?6 ?',1,0,0,270.00,11,NULL,NULL),(133,'?133','50?150?6 ?',1,0,0,320.00,11,NULL,NULL),(134,'?134','50?200?6 ?',1,0,0,435.00,11,NULL,NULL),(135,'?135','100?100?6 ?',1,0,0,435.00,11,NULL,NULL),(136,'?136','100?150?6 ?',1,0,0,640.00,11,NULL,NULL),(137,'?137','100?200?6 ?',1,0,0,870.00,11,NULL,NULL),(138,'?138','150?150?6 ?',1,0,0,960.00,11,NULL,NULL),(139,'?139','150?200?6 ?',1,0,0,1305.00,11,NULL,NULL),(140,'?140','200?200?6 ?',1,0,0,1750.00,11,NULL,NULL),(141,'?141','25?25?2 ?',1,0,0,14.80,11,NULL,NULL),(142,'?142','25?25?3 ?',1,0,0,17.50,11,NULL,NULL),(143,'?143','25?50?2 ?',1,0,0,25.00,11,NULL,NULL),(144,'?144','25?50?3 ?',1,0,0,37.60,11,NULL,NULL),(145,'?145','30?50?2 ?',1,0,0,29.00,11,NULL,NULL),(146,'?146','30?50?3 ?',1,0,0,43.00,11,NULL,NULL),(147,'?147','40?50?2 ?',1,0,0,35.00,11,NULL,NULL),(148,'?148','40?50?3 ?',1,0,0,52.30,11,NULL,NULL),(149,'?149','50?50?2 ?',1,0,0,42.00,11,NULL,NULL),(150,'?150','50?75?2 ?',1,0,0,58.00,11,NULL,NULL),(151,'?151','50?75?3 ?',1,0,0,88.00,11,NULL,NULL),(152,'?152','50?40?2 ?',1,0,0,35.00,11,NULL,NULL),(153,'?153','50?40?3 ?',1,0,0,52.30,11,NULL,NULL),(154,'?154','50?100?2 ?',1,0,0,75.00,11,NULL,NULL),(155,'?155','50?100?3 ?',1,0,0,112.00,11,NULL,NULL),(156,'?156','????? ???????? 25?? ?100???6? 2-????',2,0,0,3500.00,3,NULL,NULL),(157,'?157','????? ???????? 25???150???6? 2-????',2,0,0,3500.00,3,NULL,NULL),(158,'?158','????? ???????? 25???100???3? 1-????',2,0,0,7700.00,3,NULL,NULL),(159,'?159','????? ???????? 25???150???3? 1-????',2,0,0,7700.00,3,NULL,NULL),(160,'?160','????? ???????? 25?? ?100???6? 1-????',2,0,0,7800.00,3,NULL,NULL),(161,'?161','????? ???????? 25???150???6? 1-????',2,0,0,7600.00,3,NULL,NULL),(162,'?162','????? ???????? 25???200???6? 1-????',2,0,0,7000.00,3,NULL,NULL),(163,'?163','????? ???????? 40???100???6? 1-????',2,0,0,7600.00,3,NULL,NULL),(164,'?164','????? ???????? 40???150???6? 1-????',2,0,0,7500.00,3,NULL,NULL),(165,'?165','????? ???????? 40???200???6? 1-????',2,0,0,6800.00,3,NULL,NULL),(166,'?166','????? ???????? 50???100???6? 1-????',2,0,0,7800.00,3,NULL,NULL),(167,'?167','????? ???????? 50???150???6? 1-????',2,0,0,7100.00,3,NULL,NULL),(168,'?168','????? ???????? 50???200???6? 1-????',2,0,0,6800.00,3,NULL,NULL),(169,'?169','???? 100?? ?100?? ?6? 1-????',2,0,0,7500.00,1,NULL,NULL),(170,'?170','???? 100?? ?150?? ?6? 1-????',2,0,0,7800.00,1,NULL,NULL),(171,'?171','???? 100?? ?200?? ?6? 1-????',2,0,0,7500.00,1,NULL,NULL),(172,'?172','???? 150?? ?150?? ?6? 1-????',2,0,0,7600.00,1,NULL,NULL),(173,'?173','???? 150?? ?200?? ?6? 1-????',2,0,0,7400.00,1,NULL,NULL),(174,'?174','???? 200?? ?200?? ?6? 1-????',2,0,0,7500.00,1,NULL,NULL),(175,'?175','???? 100?? ?250?? ?6? 1-????',2,0,0,7800.00,1,NULL,NULL),(176,'?176','???? 150?? ?250?? ?6? 1-????',2,0,0,7700.00,1,NULL,NULL),(177,'?177','???? 200?? ?250?? ?6? 1-????',2,0,0,6800.00,1,NULL,NULL),(178,'?178','???? 250?? ?250?? ?6? 1-????',2,0,0,7100.00,1,NULL,NULL),(179,'?179','???? ?? 7 ?? 9?????? 1-????',2,0,0,7200.00,1,NULL,NULL),(180,'?180','??????? ??????? (??????)',3,0,0,0.00,5,NULL,NULL),(181,'?181','?????? ??????? (???????) (????????)',3,0,0,0.00,5,NULL,NULL),(182,'?182','?????? ?/? (????????)',3,0,0,0.00,5,NULL,NULL),(183,'?183','?????? ?????? (????????)',3,0,0,0.00,5,NULL,NULL),(184,'?184','?????? ?/? ?? ?????? (????????)',3,0,0,0.00,5,NULL,NULL),(185,'?185','?????? ?????? ?? ?????? (????????)',3,0,0,0.00,5,NULL,NULL),(186,'?186','????? (??????)',3,0,0,0.00,5,NULL,NULL),(187,'?187','???????? ?/? (??????)',3,0,0,0.00,6,NULL,NULL),(188,'?188','???????? ??????? (??????)',3,0,0,0.00,6,NULL,NULL),(189,'?189','?????? ??????? (??????)',3,0,0,0.00,5,NULL,NULL),(190,'?190','???????? ??????? (??????)',3,0,0,0.00,5,NULL,NULL),(191,'?191','??????? ?????? (????????)',3,0,0,0.00,5,NULL,NULL),(192,'?192','?????? ?????? (??????)',3,0,0,0.00,5,NULL,NULL),(193,'?193','????? ?????? (?????)',3,0,0,0.00,5,NULL,NULL),(194,'?194','?????? ?/? (??????)',3,0,0,0.00,5,NULL,NULL),(195,'?221','???????? ( ??????) (??????)',3,0,0,0.00,5,NULL,NULL),(196,'?195','?????? ?????? (??????)',3,0,0,0.00,5,NULL,NULL),(197,'?196','???????? ?/? (??????)',3,0,0,0.00,5,NULL,NULL),(198,'?197','???????? ?????? (??????)',3,0,0,0.00,5,NULL,NULL),(199,'?198','???? ?/? (??????)',3,0,0,0.00,5,NULL,NULL),(200,'?199','???? ?????? (??????)',3,0,0,0.00,5,NULL,NULL),(201,'?200','????? ?/? (??????)',3,0,0,0.00,5,NULL,NULL),(202,'?201','????? ?????? (??????)',3,0,0,0.00,5,NULL,NULL),(203,'?202','????? ?/? (??????)',3,0,0,0.00,5,NULL,NULL),(204,'?203','????? ?????? (??????)',3,0,0,0.00,5,NULL,NULL),(205,'?204','?????? ?/? (??????)',3,0,0,0.00,5,NULL,NULL),(206,'?205','?????? ?????? (??????)',3,0,0,0.00,5,NULL,NULL),(207,'?206','??????? ?/? (??????)',3,0,0,0.00,5,NULL,NULL),(208,'?207','??????? ?????? (??????)',3,0,0,0.00,5,NULL,NULL),(209,'?208','???? ?/? (??????)',3,0,0,0.00,5,NULL,NULL),(210,'?188','???????? ??????? (??????)',3,0,0,0.00,5,NULL,NULL),(211,'?209','???? ?????? (??????)',3,0,0,0.00,5,NULL,NULL),(212,'?210','??????? ?/? (??????)',3,0,0,0.00,5,NULL,NULL),(213,'?211','???????????? ? ?????',3,0,0,0.00,5,NULL,NULL),(214,'?212','??????? ???????????? ???????? (???????) (?????)',3,0,0,0.00,5,NULL,NULL),(215,'?213','??????? ???????????? ???????? (??????) (?????)',3,0,0,0.00,5,NULL,NULL),(216,'?214','??????? ?????????? ?????? (??????) (?????)',3,0,0,0.00,5,NULL,NULL),(217,'?215','??????? ??? (?????? ) ?\\?? (?????)',3,0,0,0.00,5,NULL,NULL),(218,'?216','??????? ??? (?????? ) ?????? (?????)',3,0,0,0.00,5,NULL,NULL),(219,'?217','????? (?????)',3,0,0,0.00,5,NULL,NULL),(220,'?218','???????????? ???????? ?/?? (?????)',3,0,0,0.00,5,NULL,NULL),(221,'?219','???????? (????? ??????????)',3,0,0,0.00,5,NULL,NULL),(222,'?220','???????? (????? ) (??????)',3,0,0,0.00,5,NULL,NULL),(223,'?221','???????? ( ??????) (??????)',3,0,0,0.00,5,NULL,NULL),(224,'?222','???????? (???????) (??????)',3,0,0,0.00,5,NULL,NULL),(225,'?223','????? ???? ?/?? (??????)',3,0,0,0.00,5,NULL,NULL),(226,'?224','????? ???? ?????? (??????)',3,0,0,0.00,5,NULL,NULL),(227,'?225','????? ???? ?????? (??????)',3,0,0,0.00,5,NULL,NULL),(228,'?226','???????? ?/?? (??????)',3,0,0,0.00,5,NULL,NULL),(229,'?227','???????? ?????? (??????)',3,0,0,0.00,5,NULL,NULL),(230,'?228','???????? ?????? (??????)',3,0,0,0.00,5,NULL,NULL),(231,'?229','??? ?/?? (??????)',3,0,0,0.00,5,NULL,NULL),(232,'?230','??? ?????? (??????)',3,0,0,0.00,5,NULL,NULL),(233,'?231','??? ?????? (??????)',3,0,0,0.00,5,NULL,NULL),(234,'?232','???? ?/?? (??????)',3,0,0,0.00,5,NULL,NULL),(235,'?233','???? ?????? (??????)',3,0,0,0.00,5,NULL,NULL),(236,'?234','??????? ??????? ??? (???????)(??????) (?????)',3,0,0,0.00,5,NULL,NULL),(237,'?235','??????? ??????? ??? (??????) (?????)',3,0,0,0.00,5,NULL,NULL),(238,'?236','??????? ????? ??????? ???? (??????) (?????)',3,0,0,0.00,5,NULL,NULL),(239,'?237','??????? ??????? ????? (???????) (?????)',3,0,0,0.00,5,NULL,NULL),(240,'?238','??????? ??????? ????? (??????) (?????)',3,0,0,0.00,5,NULL,NULL),(241,'?239','?????? ??????? 3??.',3,0,0,0.00,6,NULL,NULL),(242,'?243','?????? ??????? 8??.',3,0,0,0.00,6,NULL,NULL),(243,'?240','?????? ??????? 4??.',3,0,0,0.00,6,NULL,NULL),(244,'?241','?????? ??????? 5??.',3,0,0,0.00,6,NULL,NULL),(245,'?242','?????? ??????? 6??.',3,0,0,0.00,6,NULL,NULL),(246,'?243','?????? ??????? 8??.',3,0,0,0.00,6,NULL,NULL),(247,'?244','??????? ??????? 3??',3,0,0,0.00,5,NULL,NULL),(248,'?245','??????? ??????? 4??',3,0,0,0.00,5,NULL,NULL),(249,'?246','??????? ?????? 4??',3,0,0,0.00,5,NULL,NULL),(250,'???2','??? ??-243, 48 ??',5,0,187,138.88,8,NULL,NULL),(251,'???4','??? ??-243',1,0,44,279.31,8,NULL,NULL);
/*!40000 ALTER TABLE `materials` ENABLE KEYS */;
UNLOCK TABLES;

--
-- Temporary view structure for view `materialsv`
--

DROP TABLE IF EXISTS `materialsv`;
/*!50001 DROP VIEW IF EXISTS `materialsv`*/;
SET @saved_cs_client     = @@character_set_client;
/*!50503 SET character_set_client = utf8mb4 */;
/*!50001 CREATE VIEW `materialsv` AS SELECT 
 1 AS `materialId`,
 1 AS `article`,
 1 AS `materialName`,
 1 AS `measureName`,
 1 AS `length`,
 1 AS `count`,
 1 AS `price`,
 1 AS `materialTypeName`,
 1 AS `gostName`,
 1 AS `specializationName`*/;
SET character_set_client = @saved_cs_client;

--
-- Table structure for table `materialtypes`
--

DROP TABLE IF EXISTS `materialtypes`;
/*!40101 SET @saved_cs_client     = @@character_set_client */;
/*!50503 SET character_set_client = utf8mb4 */;
CREATE TABLE `materialtypes` (
  `materialTypeId` int NOT NULL AUTO_INCREMENT,
  `materialTypeName` tinytext,
  PRIMARY KEY (`materialTypeId`)
) ENGINE=InnoDB AUTO_INCREMENT=16 DEFAULT CHARSET=utf8mb4 COLLATE=utf8mb4_0900_ai_ci;
/*!40101 SET character_set_client = @saved_cs_client */;

--
-- Dumping data for table `materialtypes`
--

LOCK TABLES `materialtypes` WRITE;
/*!40000 ALTER TABLE `materialtypes` DISABLE KEYS */;
INSERT INTO `materialtypes` VALUES (1,'????'),(2,'???????'),(3,'?????'),(4,'???????????'),(5,'???????'),(6,'??????'),(7,'???????? ?????'),(8,'???'),(9,'????????'),(10,'???????'),(11,'?????'),(12,'?????????'),(13,'??????'),(14,'??????'),(15,'??????');
/*!40000 ALTER TABLE `materialtypes` ENABLE KEYS */;
UNLOCK TABLES;

--
-- Table structure for table `measures`
--

DROP TABLE IF EXISTS `measures`;
/*!40101 SET @saved_cs_client     = @@character_set_client */;
/*!50503 SET character_set_client = utf8mb4 */;
CREATE TABLE `measures` (
  `measureId` int NOT NULL AUTO_INCREMENT,
  `measureName` tinytext,
  PRIMARY KEY (`measureId`)
) ENGINE=InnoDB AUTO_INCREMENT=10 DEFAULT CHARSET=utf8mb4 COLLATE=utf8mb4_0900_ai_ci;
/*!40101 SET character_set_client = @saved_cs_client */;

--
-- Dumping data for table `measures`
--

LOCK TABLES `measures` WRITE;
/*!40000 ALTER TABLE `measures` DISABLE KEYS */;
INSERT INTO `measures` VALUES (1,'??'),(2,'?3'),(3,'?2'),(4,'?'),(5,'??'),(6,'????'),(7,'???'),(8,'?????'),(9,'??? ??');
/*!40000 ALTER TABLE `measures` ENABLE KEYS */;
UNLOCK TABLES;

--
-- Table structure for table `operations`
--

DROP TABLE IF EXISTS `operations`;
/*!40101 SET @saved_cs_client     = @@character_set_client */;
/*!50503 SET character_set_client = utf8mb4 */;
CREATE TABLE `operations` (
  `operationId` int NOT NULL AUTO_INCREMENT,
  `operationPrice` decimal(10,2) DEFAULT NULL,
  `operationName` tinytext,
  PRIMARY KEY (`operationId`)
) ENGINE=InnoDB DEFAULT CHARSET=utf8mb4 COLLATE=utf8mb4_0900_ai_ci;
/*!40101 SET character_set_client = @saved_cs_client */;

--
-- Dumping data for table `operations`
--

LOCK TABLES `operations` WRITE;
/*!40000 ALTER TABLE `operations` DISABLE KEYS */;
/*!40000 ALTER TABLE `operations` ENABLE KEYS */;
UNLOCK TABLES;

--
-- Table structure for table `products`
--

DROP TABLE IF EXISTS `products`;
/*!40101 SET @saved_cs_client     = @@character_set_client */;
/*!50503 SET character_set_client = utf8mb4 */;
CREATE TABLE `products` (
  `productId` int NOT NULL AUTO_INCREMENT,
  `productResultPrice` decimal(10,2) DEFAULT NULL,
  PRIMARY KEY (`productId`)
) ENGINE=InnoDB DEFAULT CHARSET=utf8mb4 COLLATE=utf8mb4_0900_ai_ci;
/*!40101 SET character_set_client = @saved_cs_client */;

--
-- Dumping data for table `products`
--

LOCK TABLES `products` WRITE;
/*!40000 ALTER TABLE `products` DISABLE KEYS */;
/*!40000 ALTER TABLE `products` ENABLE KEYS */;
UNLOCK TABLES;

--
-- Table structure for table `resultorders`
--

DROP TABLE IF EXISTS `resultorders`;
/*!40101 SET @saved_cs_client     = @@character_set_client */;
/*!50503 SET character_set_client = utf8mb4 */;
CREATE TABLE `resultorders` (
  `orderId` int NOT NULL,
  `orderNumber` int NOT NULL,
  `orderStartDate` datetime(6) NOT NULL,
  `userId` int DEFAULT NULL,
  `managerId` int DEFAULT NULL,
  `productId` int DEFAULT NULL,
  `orderPrice` decimal(10,2) DEFAULT NULL,
  `orderEndDate` datetime(6) DEFAULT NULL,
  PRIMARY KEY (`orderId`,`orderNumber`,`orderStartDate`),
  KEY `userId` (`userId`),
  KEY `managerId` (`managerId`),
  CONSTRAINT `resultorders_ibfk_1` FOREIGN KEY (`userId`) REFERENCES `users` (`userId`) ON DELETE CASCADE ON UPDATE CASCADE,
  CONSTRAINT `resultorders_ibfk_2` FOREIGN KEY (`managerId`) REFERENCES `users` (`userId`) ON DELETE CASCADE ON UPDATE CASCADE
) ENGINE=InnoDB DEFAULT CHARSET=utf8mb4 COLLATE=utf8mb4_0900_ai_ci;
/*!40101 SET character_set_client = @saved_cs_client */;

--
-- Dumping data for table `resultorders`
--

LOCK TABLES `resultorders` WRITE;
/*!40000 ALTER TABLE `resultorders` DISABLE KEYS */;
/*!40000 ALTER TABLE `resultorders` ENABLE KEYS */;
UNLOCK TABLES;

--
-- Table structure for table `roles`
--

DROP TABLE IF EXISTS `roles`;
/*!40101 SET @saved_cs_client     = @@character_set_client */;
/*!50503 SET character_set_client = utf8mb4 */;
CREATE TABLE `roles` (
  `roleId` int NOT NULL AUTO_INCREMENT,
  `roleName` tinytext,
  PRIMARY KEY (`roleId`)
) ENGINE=InnoDB AUTO_INCREMENT=6 DEFAULT CHARSET=utf8mb4 COLLATE=utf8mb4_0900_ai_ci;
/*!40101 SET character_set_client = @saved_cs_client */;

--
-- Dumping data for table `roles`
--

LOCK TABLES `roles` WRITE;
/*!40000 ALTER TABLE `roles` DISABLE KEYS */;
INSERT INTO `roles` VALUES (1,'????????'),(2,'????????'),(3,'??????'),(4,'??????????? ?????????'),(5,'????????');
/*!40000 ALTER TABLE `roles` ENABLE KEYS */;
UNLOCK TABLES;

--
-- Table structure for table `specializations`
--

DROP TABLE IF EXISTS `specializations`;
/*!40101 SET @saved_cs_client     = @@character_set_client */;
/*!50503 SET character_set_client = utf8mb4 */;
CREATE TABLE `specializations` (
  `specializationId` int NOT NULL AUTO_INCREMENT,
  `specializationName` tinytext,
  PRIMARY KEY (`specializationId`)
) ENGINE=InnoDB DEFAULT CHARSET=utf8mb4 COLLATE=utf8mb4_0900_ai_ci;
/*!40101 SET character_set_client = @saved_cs_client */;

--
-- Dumping data for table `specializations`
--

LOCK TABLES `specializations` WRITE;
/*!40000 ALTER TABLE `specializations` DISABLE KEYS */;
/*!40000 ALTER TABLE `specializations` ENABLE KEYS */;
UNLOCK TABLES;

--
-- Table structure for table `suppliers`
--

DROP TABLE IF EXISTS `suppliers`;
/*!40101 SET @saved_cs_client     = @@character_set_client */;
/*!50503 SET character_set_client = utf8mb4 */;
CREATE TABLE `suppliers` (
  `supplierId` int NOT NULL AUTO_INCREMENT,
  `supplierName` tinytext,
  `supplierAddres` tinytext,
  `specializationId` int DEFAULT NULL,
  PRIMARY KEY (`supplierId`),
  KEY `specializationId` (`specializationId`),
  CONSTRAINT `suppliers_ibfk_1` FOREIGN KEY (`specializationId`) REFERENCES `specializations` (`specializationId`) ON DELETE CASCADE ON UPDATE CASCADE
) ENGINE=InnoDB DEFAULT CHARSET=utf8mb4 COLLATE=utf8mb4_0900_ai_ci;
/*!40101 SET character_set_client = @saved_cs_client */;

--
-- Dumping data for table `suppliers`
--

LOCK TABLES `suppliers` WRITE;
/*!40000 ALTER TABLE `suppliers` DISABLE KEYS */;
/*!40000 ALTER TABLE `suppliers` ENABLE KEYS */;
UNLOCK TABLES;

--
-- Table structure for table `users`
--

DROP TABLE IF EXISTS `users`;
/*!40101 SET @saved_cs_client     = @@character_set_client */;
/*!50503 SET character_set_client = utf8mb4 */;
CREATE TABLE `users` (
  `userId` int NOT NULL AUTO_INCREMENT,
  `secondName` tinytext,
  `firstName` tinytext,
  `middleName` tinytext,
  `roleId` int DEFAULT NULL,
  `login` tinytext,
  `userpassword` tinytext,
  PRIMARY KEY (`userId`),
  KEY `roleId` (`roleId`),
  CONSTRAINT `users_ibfk_1` FOREIGN KEY (`roleId`) REFERENCES `roles` (`roleId`) ON DELETE CASCADE ON UPDATE CASCADE
) ENGINE=InnoDB AUTO_INCREMENT=1004 DEFAULT CHARSET=utf8mb4 COLLATE=utf8mb4_0900_ai_ci;
/*!40101 SET character_set_client = @saved_cs_client */;

--
-- Dumping data for table `users`
--

LOCK TABLES `users` WRITE;
/*!40000 ALTER TABLE `users` DISABLE KEYS */;
INSERT INTO `users` VALUES (1,'??????? ','????','????????',2,'loginDEsar2018','2M2IQH'),(2,'????????? ','?????????','????????????',4,'loginDEuxd2018','*PI3KN'),(3,'??????? ','??????','????????????',1,'loginDEepk2018','VZ&Ak7'),(4,'???????? ','??????','?????????',1,'loginDEjhb2018','PNvt8N'),(5,'???????? ','???????','????????',5,'loginDExzi2018','{+1T1M'),(6,'???????? ','??????????','???????????',4,'loginDEvva2018','G{q*LD'),(7,'???????? ','??????','?????????',2,'loginDEudz2018','Xcjvmi'),(8,'??????? ','????????','???????',1,' loginDEyyj2018','z+U0XU'),(9,'??????? ','??????','?????????',4,'loginDEvdj2018','5Eq6d|'),(10,'?????? ','???????','????????????',1,'loginDErwk2018','|nZOKu'),(11,'???????? ','??????','???????????',3,'loginDElkc2018','BOvRGk'),(12,'???????? ','?????','??????????',2,'loginDEmge2018','C947}j'),(13,'????????? ','?????','?????????',5,'loginDEtol2018','&ksGM5'),(14,'?????????? ','?????????','?????????',1,'loginDEjwb2018','IQ+a01'),(15,'???????? ','???????','????????',2,'loginDEzhf2018','xws6L9'),(16,'?????? ','???????','????????????',NULL,'loginDEobp2018','XNGjJy'),(17,'????? ','????','?????????',2,'loginDEloi2018','azEz+L'),(18,'??????? ','?????','????????',5,'loginDEuau2018','FNnhJ1'),(19,'???????? ','??????','??????????',2,'loginDEdwi2018','n*aog&'),(20,'????????? ','???????','??????????',1,'loginDEecu2018','s6FMJ|'),(21,'???????????? ','????????','?????????',1,'loginDEdfk2018','aqgkFV'),(22,'?????? ','???????','?????????',3,'loginDEkxq2018','8igB2p'),(23,'??????? ','??????','??????????',1,'loginDEhqm2018','BPvGYj'),(24,'?????? ','??????','???????????',4,'loginDEyzm2018','*Nx7JS'),(25,'?????? ','???????','????????',4,'loginDEzbd2018','hWTIZR'),(26,'??????? ','????','??????????',1,'loginDEoni2018','phdlXA'),(27,'???????? ','????????','??????????',3,'loginDEewk2018','4baKX7'),(28,'???????? ','??????','?????????',3,'loginDEdfh2018','t0CrUG'),(29,'???????? ','??????','????????????',2,'loginDEufs2018','7CLi&1'),(30,'?????????? ','????????','??????????',3,'loginDEzsy2018','a6}lPi'),(31,'???????? ','??????','?????????',5,'loginDElzj2018','Ph0lH+'),(32,'??????? ','?????????','?????????',3,'loginDEwtu2018','kVUA|*'),(33,'??????? ','???????','??????????',4,'loginDEpyt2018','VAwNEk'),(34,'?????? ','??????????','?????????',3,'loginDEquw2018','65j6kZ'),(35,'?????? ','?????','????????',1,'loginDEcxk2018','sM*fqO'),(36,'????? ','??????','????????',4,'loginDEnxq2018','|yxsob'),(37,'??????? ','?????','???????',4,'loginDEpmm2018','wRERed'),(38,'??????? ','????????','??????????',2,'loginDEitt2018','L+OKpQ'),(39,'????????? ','????????','?????????',3,'loginDEttt2018','1YOnW3'),(40,'???????? ','??????','?????????????',2,'loginDExrn2018','eaI8ng'),(41,'???????? ','????','????????',4,'loginDEelh2018','NNmfSo'),(42,'????????? ','???????','?????????',5,'loginDEwxd2018','Smjq0v'),(43,'??????? ','???????','????????????',4,'loginDEiho2018','UIlg{8'),(44,'??????? ','????','????????????',1,'loginDEsyo2018','F743ca'),(45,'?????????? ','?????????','?????????',3,'loginDEmwq2018','YZ{snT'),(46,'???????????? ','??????','????????????',2,'loginDEykk2018','EttWT{'),(47,'????????? ','?????','?????????????',2,'loginDEell2018','7wQfBj'),(48,'??????? ','??????','?????????',5,'loginDEdys2018','B}2V7t'),(49,'????????? ','????','???????????',2,'loginDEqoh2018','+xRJ|2'),(50,'?????? ','?????','???????????',2,'loginDEpdv2018','r1HuS2'),(51,'??????? ','??????','?????????',3,'loginDEzqn2018','Lgd57H'),(52,'???????? ','??????','????????????',5,'loginDEvzo2018','VO7mOE'),(53,'???????? ','????','????????????',3,'loginDEiyy2018','Ip|*iS'),(54,'?????? ','?????????','?????????',5,'loginDEdgv2018','kfmvXj'),(55,'??????? ','????????','??????????',5,'loginDEurj2018','9ImBsL'),(56,'????? ','?????????','???????????',3,'loginDEaul2018','MTZb+A'),(57,'????????? ','???????','????????',4,'loginDEbdx2018','F|mMSS'),(58,'??????? ','?????','??????????',3,'loginDEyzp2018','wFCnHN'),(59,'?????? ','??????','???????????',2,'loginDErwb2018','v5RpBS'),(60,'????? ','?????','????????????',3,'loginDEpri2018','RI2*T9'),(61,'?????? ','??????','???????????',2,'loginDEzpr2018','++NP+J'),(62,'???????? ','?????','????????',3,'loginDEhfv2018','QpAY63'),(63,'????????? ','???????','??????????',2,'loginDEyjy2018','20uyVz'),(64,'??????? ','','?????????',5,'loginDEejw2018','4}szdy'),(65,'??????? ','????????','???????????',2,'loginDEdby2018','rleZVk'),(66,'???????? ','????????','?????????',1,'loginDEzqk2018','TOOuow'),(67,'???????? ','??????','??????????',2,'loginDEjdf2018','*jzOGy'),(68,'??????? ','?????????','????????????',3,'loginDEycc2018','YeTO&L'),(69,'???????? ','??????','??????????',3,'loginDEmoq2018','*bhJb4'),(70,'?????? ','?????','??????????',3,'loginDEgtz2018','Tv&BVy'),(71,'??????? ','????','????????????',2,'loginDEkuy2018','s4Vm64'),(72,'?????? ','????????','???????????',2,'loginDEpxb2018','wso}8C'),(73,'???????? ','????????','????????',1,'loginDEbfn2018','RCt1Sk'),(74,'??????? ','????????','????????',4,'loginDEhqt2018','EhWhoq'),(75,'???????? ','?????','??????????',3,'loginDExyh2018','CRk03h'),(76,'??????? ','?????','??????????',2,'loginDEjrd2018','8tl2a+'),(77,'???????? ','?????','????????',2,'loginDEkma2018','jW{dgt'),(78,'??????? ','??????','??????????',3,'loginDEknj2018','hKZfoC'),(79,'??????? ','???????','??????????',2,'loginDEfvq2018','*uGVVE'),(80,'??????? ','????','??????????',2,'loginDEvqh2018','oQmpma'),(81,'???????? ','???????','?????????????',1,'loginDEcdg2018','UYNHsU'),(82,'????????? ','??????','??????????',3,'loginDEpdu2018','+g13tn'),(83,'???????? ','??????','???????????',5,'loginDEgbi2018','c29wfj'),(84,'???????? ','??????????','????????????',4,'loginDEklt2018','5QO|u4'),(85,'??????? ','???????','????????',5,'loginDEbka2018','|AbflR'),(86,'?????? ','?????','??????????????',1,'loginDEthx2018','+t}zCu'),(87,'????? ','??????','????????',4,'loginDErns2018','tz2wx5'),(88,'????????? ','????????','???????????',2,'loginDEybt2018','e7uyxU'),(89,'????? ','?????','?????????????',3,'loginDEoyy2018','4a0mnh'),(90,'????? ','????????','?????????',3,'loginDEooj2018','GPf+Bw'),(91,'????????? ','????????','?????????????',4,'loginDExbs2018','I6DDeV'),(92,'???????? ','????????','???????????',2,'loginDEafi2018','hN8}Tj'),(93,'??????? ','???????','?????????',3,'loginDEzyb2018','ZG73**'),(94,'?????????? ','?????','??????????',4,'loginDEhwk2018','TeoCY0'),(95,'??????? ','????????','??????????',2,'loginDEzby2018','n|MYCO'),(96,'?????? ','?????','?????????',5,'loginDExzu2018','Sch+GG'),(97,'??????? ','???????','????????',3,'loginDExzf2018','6cmjFd'),(98,'?????? ','??????','?????????',5,'loginDEzva2018','0vLvlW'),(99,'??????? ','?????','????????',1,'loginDEdya2018','tS2NmR'),(100,'????????? ','???????','????????',2,'loginDEaou2018','1E6ONr'),(101,'????? ','?????????','???????????????',5,'loginDEeqk2018','I{iaU4'),(102,'??????? ','??','?????????????',5,'loginDErot2018','I+0E2j'),(103,'???????? ','????','????????????',1,'loginDEhkz2018','T6BAKi'),(104,'?????? ','???????','??????????',4,'loginDEcxd2018','+WMe2B'),(105,'????????? ','?????????','????????????',3,'loginDEpty2018','m{Li1+'),(106,'???????? ','???????','???????????',1,'loginDEtaa2018','R8oTaQ'),(107,'????? ','????','??????????',4,'loginDEibc2018','qb8|Mk'),(108,'?????? ','????','?????????',2,'loginDEwxv2018','qK6y{W'),(109,'????????? ','?????','??????????',4,'loginDEdmd2018','6xjzYR'),(110,'???????? ','???????','??????????',4,'loginDEytk2018','7D9re0'),(111,'????? ','????','???????????',2,'loginDEqga2018','P+4p4a'),(112,'???????? ','??????','????????',1,'loginDEaxl2018','V2S+Ih'),(113,'???????? ','???','????????',5,'loginDEyan2018','uf6Krf'),(114,'?????? ','??????????','????????',4,'loginDEidg2018','YjZW6A'),(115,'???? ','????????','??????????',1,'loginDEwpm2018','zqnoi|'),(116,'???????????? ','??????','??????????',5,'loginDEpiz2018','JTXLk6'),(117,'?????? ','????','???????????',5,'loginDEdoo2018','1jH&}l'),(118,'??????? ','?????????','??????????',1,'loginDEjeh2018','IgW*|U'),(119,'??????? ','??????','???????????',3,'loginDEerm2018','XPr8zT'),(120,'????? ','???','?????????????',5,'loginDEdlu2018','JgY{Zo'),(121,'??????? ','?????','??????????',1,'loginDEplk2018','xQxtYm'),(122,'??????? ','??????','???????',3,'loginDEtix2018','Y5zv9+'),(123,'?????? ','??????','??????????',4,'loginDEarc2018','AZin*Q'),(124,'???????? ','????????','?????????',3,'loginDEpba2018','&HmMXH'),(125,'????????? ','??????','????????????',4,'loginDEyeg2018','CFEe+Z'),(126,'??????? ','?????','?????????',1,'loginDEshj2018','+XW3Bk'),(127,'?????????? ','??????','???????????',5,'loginDEchx2018','S5c&fX'),(128,'??????? ','?????????','????????',1,'loginDEwvl2018','&9Vpqk'),(129,'?????? ','?????','??????????????',5,'loginDEeeg2018','fIqIdE'),(130,'???????? ','????????','????????????',1,'loginDEaeu2018','ubmJ{u'),(131,'??????? ','????????','????????????',5,'loginDEend2018','SX8Z4A'),(132,'?????? ','??????????','??????????',5,'loginDEtik2018','a&+vrv'),(133,'??????? ','??????','?????????',3,'loginDEmmh2018','x1wAHo'),(134,'????????? ','??????????','?????????',5,'loginDEcur2018','FuE312'),(135,'?????? ','??????','??????????',5,'loginDEath2018','Ii{d2t'),(136,'???? ','???????','??????????',1,'loginDEdif2018','Tpivcr'),(137,'?????? ','??????','????????????',5,'loginDErnv2018','gJ1NYR'),(138,'??????? ','?????','?????????????',4,'loginDEhrc2018','sk1mgK'),(139,'???????? ','????','?????????',2,'loginDEodw2018','AMSLmE'),(140,'???????? ','???????','????????????',3,'loginDEbed2018','282IYv'),(141,'?????? ','???????','?????????',5,'loginDEnqq2018','XKrJOU'),(142,'??????? ','????????','??????????',1,'loginDEjgu2018','ELrDod'),(143,'???????? ','??????','??????????',4,'loginDEwbn2018','96TfQ|'),(144,'??????? ','?????','????????',4,'loginDEfbq2018','}G4XKd'),(145,'????????? ','???????','????????????',4,'loginDEccy2018','4zb2ow'),(146,'?????????? ','?????????','??????????',5,'loginDEuwn2018','wPbrBV'),(147,' ?????? ','????????','??????????',1,'loginDEsty2018','Caam+a'),(148,'??????? ','?????????','?????????',3,'loginDEubl2018','R&o+7+'),(149,'????????? ','?????','?????????',5,'loginDEtqw2018','UJW+*N'),(150,'??????? ','????????','????????',5,'loginDExic2018','bp&g7f'),(151,'??????? ','???????','????????',3,'loginDEvdy2018','|9AaAE'),(152,'?????????? ','???????','????????????',5,'loginDEqhl2018','FQQRMz'),(153,'?????? ','???????','???????????',5,'loginDEhya2018','+JQwYv'),(154,'??????? ','????????','??????????',3,'loginDEffq2018','Vs0tGb'),(155,'??????? ','????????','??????????',4,'loginDEopr2018','Oklkhh'),(156,'?????? ','??????','?????????',1,'loginDEmbm2018','g90TWM'),(157,'??????? ','?????','?????????????',1,'loginDEsze2018','S*{8Ml'),(158,'???????? ','?????','???????????',3,'loginDEctg2018','dN+jod'),(159,'??????? ','???????','?????????',1,'loginDEruq2018','mXdZTI'),(160,'??????? ','?????','????????????',2,'loginDEqpk2018','Tnh3DJ'),(161,'????????? ','????????','????????',3,'loginDEmhc2018','mMYPim'),(162,'??????? ','????????','????????',1,'loginDErvp2018','iIOsgI'),(163,'??????? ','????????','??????????',2,'loginDEgdb2018','xLvXN{'),(164,'????????? ','???????','???????????',2,'loginDExet2018','S*onWu'),(165,'?????? ','????','??????????',3,'loginDEupl2018','KE6*k|'),(166,'???????? ','???????','????????',3,'loginDEkbx2018','T}4cTC'),(167,'??????? ','?????','??????????',3,'loginDEzwo2018','zkc0S}'),(168,'????????? ','???????','????????????',2,'loginDEvln2018','keXJ3o'),(169,'?????? ','???????','??????????',2,'loginDEayj2018','+b6HrZ'),(170,'???????? ','?????','?????????',1,'loginDEoby2018','*j704g'),(171,'?????? ','????','??????????',4,'loginDEdje2018','Ros+rl'),(172,'????????? ','????????','?????????',1,'loginDEnux2018','{XMSKj'),(173,'??????? ','???????','??????????',2,'loginDEyhv2018','zNZYk{'),(174,'???????? ','????????','?????????',4,'loginDEuwy2018','m0S8Hy'),(175,'??????? ','??????','??????????',5,'loginDEkit2018','Zx89p+'),(176,'?????????? ','?????????','????????????',4,'loginDEzfi2018','VbhJh*'),(177,'?????? ','???????','?????????????',2,'loginDEbhd2018','a80d5I'),(178,'???????? ','?????','??????????',2,'loginDEpul2018','1y2EaM'),(179,'????????? ','?????','????????',2,'loginDEsyc2018','IX+1o1'),(180,'?????? ','??????','???????????',2,'loginDEmqf2018','*eh|rQ'),(181,'??????? ','???????','??????????',3,'loginDEhjw2018','dFb{aw'),(182,'??????? ','?????','??????????',5,'loginDEcjd2018','F4Qv}x'),(183,'???????? ','??????','??????????',1,'loginDElnh2018','D+83Ot'),(184,'???????? ','??????','????????',3,'loginDEebx2018','WTBC7e'),(185,'??????? ','????????','????????',4,'loginDEtbf2018','}g|DE+'),(186,'????????? ','??????','??????????',4,'loginDEpjz2018','V8ArPO'),(187,'?????????? ','????????','?????????',2,'loginDEfpm2018','oJ7&bs'),(188,'????????? ','???????','?????????',5,'loginDEdrx2018','*SZ7TL'),(189,'???????? ','?????','???????????',1,'loginDEykq2018','Veq1N7'),(190,'??????? ','????????','????????',5,'loginDEthb2018','Lt7|ok'),(191,'????? ','?????','?????????????',1,'loginDEbdb2018','nxULDN'),(192,'??????? ','????','??????????',5,'loginDEysy2018','*M+eyt'),(193,'???????? ','????????','????????',3,'loginDEjrt2018','x8St23'),(194,'??????? ','??????','????????????',3,'loginDEwim2018','Sbe&j}'),(195,'????????? ','??????','????????',2,'loginDEbbt2018','IclO}d'),(196,'??????? ','???????','?????????',3,'loginDEwbe2018','C&n1bj'),(197,'?????? ','???????','???????????',2,'loginDEgcb2018','St&dIw'),(198,'??????? ','?????','?????????????',1,'loginDEvai2018','7dX5WR'),(199,'?????? ','???????','?????????',2,'loginDErbv2018','7NrYfL'),(200,'??????? ','????','???????????',5,'loginDEyis2018','qcBZOv'),(201,'?????? ','????????','???????????',2,'loginDEmiy2018','dK6+AE'),(202,'???????? ','????????','????????????',1,'loginDExrj2018','WJrQlq'),(203,'???????? ','???????','?????????',2,'loginDEtyl2018','C4f}5e'),(204,'???????? ','???????','?????????',5,'loginDEvrn2018','AfSRZI'),(205,'??????? ','???????','??????????',5,'loginDEqoa2018','NUeFuT'),(206,'???????? ','???????','?????????',3,'loginDEyin2018','eikez3'),(207,'???????? ','???????','???????????',3,'loginDEwpz2018','eMn{Kl'),(208,'????????? ','?????????','????????',3,'loginDEdmj2018','J+}Wvc'),(209,'??????? ','??????????','????????????',2,'loginDEooq2018','pSp9XX'),(210,'??????? ','?????','??????????',3,'loginDEjoa2018','kChmEo'),(211,'????????? ','???????','??????????',5,'loginDEszj2018','B6&cJf'),(212,'???????? ','?????','?????????',1,'loginDEhzm2018','D*pP0+'),(213,'??????? ','?????','?????????',1,'loginDEsep2018','sG40du'),(214,'?????? ','?????','?????????',3,'loginDEhiq2018','IbJ}qw'),(215,'???????? ','???????','????????????',1,'loginDEmww2018','ukBtoC'),(216,'?????????? ','????????','???????????',4,'loginDEgju2018','C7nYc{'),(217,'???????? ','?????','??????????',3,'loginDEcyg2018','UQA1Uu'),(218,'??????? ','????????','????????',3,'loginDEjyc2018','cj9ECm'),(219,'?????? ','????????','????????',3,'loginDEvxf2018','yS2WHF'),(220,'??????? ','????','?????????',5,'loginDEajj2018','hzO1*o'),(221,'????????? ','???????','???????????',3,'loginDEjre2018','Ea5FeF'),(222,'?????? ','?????','??????????',4,'loginDEelw2018','8m|p+S'),(223,'????????? ','?????????','????????',1,'loginDEkea2018','82af{y'),(224,'??????? ','????','??????????',2,'loginDExkx2018','8uXYWo'),(225,'???????? ','?????????','????????',5,'loginDEyxm2018','*DB|&d'),(226,'????? ','???????','????????????',2,'loginDEuzv2018','|6J|mm'),(227,'?????? ','??????','?????????',1,'loginDEyaa2018','8}w*yf'),(228,'??????? ','?????????','???????????',1,'loginDEgpt2018','Gao1gX'),(229,'???????? ','???????','?????????',5,'loginDEojz2018','N50|5T'),(230,'??????? ','?????','?????????',4,'loginDEzqo2018','HHG+eY'),(231,'???????? ','????????','??????????',4,'loginDEkfs2018','q}b+Tf'),(232,'?????? ','????','?????????',3,'loginDEqql2018','QHE5zz'),(233,'???????? ','?????','??????????',2,'loginDEmjf2018','p+u{vH'),(234,'?????? ','??????????','?????????????',5,'loginDEjjx2018','DP|ubQ'),(235,'???????? ','?????','??????????',5,'loginDEtch2018','TsU4a5'),(236,'???????? ','??????','??????????',3,'loginDEpll2018','J9pnJW'),(237,'?????? ','?????','????????????',5,'loginDEqcb2018','oMOLh+'),(238,'??????? ','?????????','??????????',4,'loginDEivc2018','Ci52qh'),(239,'??????? ','???????','??????????',4,'loginDEybw2018','d+t136'),(240,'?????? ','?????????','????????????',2,'loginDEtqn2018','IdjLc2'),(241,'?????? ','??????','????????',4,'loginDEtby2018','36YniT'),(242,'??????? ','?????','????????????',5,'loginDEnrq2018','pn{5RN'),(243,'????? ','??????','??????????',1,'loginDEill2018','5c|dSJ'),(244,'????????? ','?????????','??????????',4,'loginDErzp2018','W6rx|w'),(245,'???????? ','????????','????????',3,'loginDEjgq2018','gJEYkn'),(246,'???????? ','???????','?????????????',3,'loginDEbho2018','AFvMyh'),(247,'?????????? ','???????????','????????',5,'loginDErvi2018','|9LJNA'),(248,'??????? ','??????','???????????????',3,'loginDEifv2018','V61gmp'),(249,'?????? ','???????','???????????',1,'loginDEqkn2018','KdU6uK'),(250,'??????? ','?????????','??????????',1,'loginDExbf2018','Vl9R|I'),(251,'???????? ','??????','????????????',4,'loginDEwkl2018','415qNv'),(252,'????? ','?????','???????????',2,'loginDEqwd2018','Ix4V{i'),(253,'??????? ','????????','????????',5,'loginDEjno2018','kuLGGL'),(254,'????? ','??????','?????????',4,'loginDEpgp2018','q|Ov9c'),(255,'???????? ','?????????','????????????',2,'loginDEwua2018','*tyvel'),(256,'??????? ','??????','?????????',5,'loginDExdd2018','rp22fO'),(257,'??????? ','????','?????????',1,'loginDEmom2018','0gSoaA'),(258,'????????? ','?????????','??????????',3,'loginDEfxd2018','uZm+f6'),(259,'?????? ','????????','???????????',4,'loginDEfiy2018','nBm{qt'),(260,'??????? ','??????','??????????',2,'loginDEnxj2018','Y+Yif+'),(261,'??????? ','??????','????????????',2,'loginDEcbu2018','zLj0GQ'),(262,'???????? ','??????','??????????',1,'loginDExbv2018','71t|e{'),(263,'??????? ','?????????','??????????',3,'loginDEwcj2018','AMXhqA'),(264,'??????? ','?????','?????????',2,'loginDEsmd2018','ZWSZHe'),(265,'??????? ','??????','???????????',5,'loginDEtug2018','b{7&Zf'),(266,'???????? ','??????','??????????',4,'loginDEcsu2018','HOFZa6'),(267,'???????? ','??????','?????????',5,'loginDEfse2018','axoHxw'),(268,'???????? ','????????','??????????',3,'loginDEgcl2018','swu*ZT'),(269,'??????? ','???????','???????',4,'loginDEmzj2018','crY1JZ'),(270,'????????? ','???????','??????????',5,'loginDEvut2018','Y7Mm*Y'),(271,'??????? ','?????','??????????',3,'loginDEwkn2018','2*lKn+'),(272,'???????? ','?????','????????',4,'loginDEbwn2018','rr&WdV'),(273,'????????? ','??????','???????????',4,'loginDEzgc2018','UHIU&T'),(274,'??????? ','??????','??????????',2,'loginDEzta2018','cMVEpF'),(275,'??????? ','??????','??????????????',2,'loginDEsld2018','s1Ndyp'),(276,'????????? ','???????','?????????????',2,'loginDEvgu2018','m8VeJw'),(277,'?????? ','?????','????????',4,'loginDEqbh2018','GZq4nd'),(278,'???????? ','????????','?????????',5,'loginDEokf2018','X3+RZ0'),(279,'??????? ','????????','???????????',3,'loginDEcbi2018','UrluYp'),(280,'???????? ','????????','????????',2,'loginDEgza2018','PXAA7c'),(281,'????? ','??????','????????????',2,'loginDEswq2018','Rm&++t'),(282,'?????? ','???????','??????????????',5,'loginDEqxo2018','8iqEG*'),(283,'???????? ','???','????????',3,'loginDEguz2018','7wsWd4'),(284,'????????? ','?????','??????????',4,'loginDEaro2018','LE}Woo'),(285,'??????? ','?????','?????????',1,'loginDEaea2018','OQ8Kfz'),(286,'???????? ','?????????','??????????',1,'loginDEzhp2018','16+8Jh'),(287,'????????? ','???????','????????????',5,'loginDEtzs2018','D9G6j1'),(288,'?????? ','?????','????????',5,'loginDEvem2018','HiD*0c'),(289,'????? ','???????','????????',1,'loginDEvzy2018','T5Qaaa'),(290,'??????? ','????????','??????????',3,'loginDErjn2018','5FMXpr'),(291,'????????? ','??????','???????????',3,'loginDEiam2018','b+*n+0'),(292,'????????? ','???????','??????????',4,'loginDEyff2018','LB&hR+'),(293,'?????? ','???????','???????????',5,'loginDEykt2018','XQlo|S'),(294,'???????? ','???????','???????????',5,'loginDEcpb2018','|Be{Wn'),(295,'??????? ','?????','????????????',1,'loginDEkww2018','KzFIWJ'),(296,'????????? ','???????','?????????',2,'loginDEldo2018','oWfgBB'),(297,'??????? ','?????','????????',1,'loginDExhi2018','l6eiog'),(298,'????????? ','?????','?????????????',5,'loginDEltt2018','vJCz+l'),(299,'??????? ','?????????','????????',3,'loginDEaim2018','HdgRJI'),(300,'??????? ','?????','???????????',2,'loginDEndh2018','JUYAwS'),(301,'???????? ','?????','????????????',1,'loginDEpvn2018','v18sXi'),(302,'???????? ','?????','??????????',3,'loginDEcxl2018','2ToouN'),(303,'???????? ','??????','??????????',4,'loginDEclw2018','h5Q{Nx'),(304,'?????? ','??????','?????????',5,'loginDEwik2018','DS{WpL'),(305,'?????? ','?????','???????',1,'loginDEjyb2018','om9BwD'),(306,'??????? ','?????','?????????????',5,'loginDEndc2018','r3RSO9'),(307,'???? ','????','??????????',4,'loginDEjhx2018','cQlCrZ'),(308,'???????? ','??????','???????????',4,'loginDEqjm2018','thu8kK'),(309,'??????? ','???????','??????????',1,'loginDElag2018','NupBH|'),(310,'??????? ','??????','??????????',3,'loginDEsct2018','1j*J8T'),(311,'???????? ','?????????','????????',2,'loginDEvoe2018','zC6|UG'),(312,'???????? ','?????','???????????',2,'loginDEklg2018','l9|xfT'),(313,'?????? ','?????','???????',3,'loginDEpzs2018','AVm+Oj'),(314,'???????? ','??????','??????????',4,'loginDEala2018','46+ORY'),(315,'??????? ','??????','????????',3,'loginDEheo2018','XiJmr9'),(316,'?????? ','????????','????????',1,'loginDEzyn2018','TSGsPV'),(317,'???????? ','?????','?????????',2,'loginDEbir2018','ww9{S1'),(318,'????????? ','?????','???????',3,'loginDEhmv2018','KE6+sS'),(319,'??????? ','????????','????????',2,'loginDEldj2018','kZwuDV'),(320,'??????? ','?????','????????????',1,'loginDEqph2018','8OJ1yJ'),(321,'??????? ','?????','????????????',3,'loginDEuyn2018','kSOtL9'),(322,'?????? ','?????','??????????',5,'loginDEfyh2018','04JQix'),(323,'????? ','?????????','????????',1,'loginDEcvs2018','H*OqOg'),(324,'?????? ','??????','??????????',1,'loginDEqok2018','kZ6|yS'),(325,'?????????? ','??????','????????????',5,'loginDEkvs2018','0GeIOP'),(326,'?????? ','??????','??????????',3,'loginDEytr2018','|vfIq2'),(327,'????? ','????????','??????????',5,'loginDExid2018','FywuoL'),(328,'???????? ','?????????','??????????',4,'loginDEzxk2018','}+j40i'),(329,'??????? ','??????','????????????',3,'loginDEjtd2018','ODotUj'),(330,'????? ','????','????????',2,'loginDEmyz2018','gKQ4r+'),(331,'???????? ','????','?????????',5,'loginDEuvg2018','}rhenI'),(332,'??????? ','??????','??????????',2,'loginDEajx2018','TaE4Dg'),(333,'??????? ','?????','?????????',4,'loginDEigl2018','L2J*KI'),(334,'???????? ','?????????','??????????',2,'loginDEoxo2018','f}*V{M'),(335,'????????? ','???????','????????????',1,'loginDEvhm2018','DT}WrU'),(336,'????????? ','?????','????????????',1,'loginDEvys2018','CxXb+r'),(337,'??????? ','??????','??????????',2,'loginDEpjw2018','T*wJeK'),(338,'????????? ','???????','???????',1,'loginDElxp2018','vKdJGk'),(339,'???????? ','??????','??????????',1,'loginDExfm2018','mh6|JS'),(340,'???????? ','?????','?????????',3,'loginDEcxr2018','HCt|N1'),(341,'????? ','???????','?????????',5,'loginDEuqk2018','3vE*Fb'),(342,'?????????? ','????','?????????',4,'loginDExeb2018','Oa}fkk'),(343,'???????? ','????????','?????????????',3,'loginDEmri2018','s*YXSm'),(344,'???????? ','?????','???????????',1,'loginDEvmr2018','t6aouh'),(345,'????????? ','??????','??????????',1,'loginDEtyn2018','8qte+l'),(346,'??????? ','????','??????????',3,'loginDEqqw2018','qlJ6vk'),(347,'???????? ','??????','????????',3,'loginDEkjs2018','A8K6dL'),(348,'????????? ','????????','?????????',4,'loginDEvmb2018','TY5Gd5'),(349,'??????? ','??????','?????????',5,'loginDErbm2018','D6SSd+'),(350,'??????? ','?????','??????????',3,'loginDEoez2018','j7qgHy'),(351,'???????? ','???????','????????',4,'loginDEvij2018','7hn2va'),(352,'????????? ','?????','??????????',2,'loginDEjgh2018','7w4c6u'),(353,'????????? ','?????????','?????????',2,'loginDEsrr2018','0fO0YH'),(354,'????????? ','?????','??????????',1,'loginDEocb2018','6oLNd{'),(355,'??????? ','?????????','??????????',2,'loginDEpmv2018','kjE3El'),(356,'????????? ','??','??????????',4,'loginDEjov2018','zS&ClK'),(357,'???????? ','?????','????????',2,'loginDEafs2018','Wiw0VR'),(358,'???????? ','?????','??????????',4,'loginDEiky2018','G&fF7n'),(359,'????????? ','???????','????????????',1,'loginDEoyu2018','}*E9Se'),(360,'????????? ','?????????','????????',4,'loginDEcpi2018','8lSh*o'),(361,'???????? ','???????','?????????',4,'loginDEjqp2018','zTKmDa'),(362,'???????? ','?????','????????????',4,'loginDEhnh2018','m0WYQH'),(363,'??????? ','?????','????????????',1,'loginDEuvi2018','U0W&Z&'),(364,'???????? ','??????','???????',5,'loginDEuug2018','aHl3qb'),(365,'??????? ','?????','???????????',3,'loginDErmf2018','U4jeNa'),(366,'????????? ','???????','???????????',1,'loginDEhnt2018','3X5|Jy'),(367,'???????? ','??????','?????????',5,'loginDEuvr2018','wu8lYK'),(368,'????????? ','????????','??????????',5,'loginDEpsb2018','{O|F*N'),(369,'????????? ','?????????','??????????',1,'loginDEher2018','cTlCHC'),(370,'???????? ','????','?????????',5,'loginDEyzh2018','8m6+}r'),(371,'???????? ','??????','???????????',5,'loginDElvm2018','elWeXR'),(372,'??????? ','?????','?????????',4,'loginDEron2018','ywlASa'),(373,'???????? ','????????','??????????',4,'loginDEbzh2018','ysac1M'),(374,'???????? ','??????','??????????',2,'loginDEnmc2018','X40l}h'),(375,'???????? ','???????','??????????',3,'loginDEypj2018','2*3jan'),(376,'??????? ','?????????','?????????????',4,'loginDEwvg2018','XcZ4xF'),(377,'???????? ','???????','????????????',4,'loginDElqo2018','TiSXX{'),(378,'??????? ','????????','????????',4,'loginDErhy2018','yQl65Q'),(379,'??????? ','??????','????????',2,'loginDEoqc2018','*Cm6gW'),(380,'?????????? ','???????','???????????',5,'loginDEskh2018','X{x9ae'),(381,'?????? ','????????','??????????',1,'loginDEvkg2018','tzCLIX'),(382,'?????? ','?????','??????????',5,'loginDEpnq2018','D69F&h'),(383,'????? ','????','?????????',3,'loginDEyza2018','CsA9|P'),(384,'???????? ','?????????','????????????',4,'loginDEiai2018','OPjijt'),(385,'??????? ','?????','?????????',5,'loginDEbsc2018','myJPKm'),(386,'??????? ','??????','????????',3,'loginDExsn2018','lY3vnH'),(387,'??????? ','??????','?????????',1,'loginDEnnv2018','rITdxe'),(388,'????????? ','?????????','??????????',3,'loginDEqwh2018','yBJ1BR'),(389,'??????? ','??????','????????',4,'loginDEqdb2018','&S*k|o'),(390,'???????? ','??????','?????????',5,'loginDExdk2018','qZhYRF'),(391,'???????? ','??????','?????????',2,'loginDEgwd2018','AVPVNQ'),(392,'??????? ','??????','??????????',2,'loginDExvb2018','QC7KQ0'),(393,'?????? ','?????','????????????',1,'loginDEdhh2018','WpZhYf'),(394,'??????? ','?????????','??????????',5,'loginDErhx2018','iCAe1v'),(395,'??????? ','??????','??????????',2,'loginDEenm2018','2s1Lxh'),(396,'??????? ','?????????','???????',3,'loginDEwqd2018','MF2TkC'),(397,'????????? ','?????????','??????????',1,'loginDEwom2018','fU+Q0O'),(398,'????????? ','???????','???????',1,'loginDEngr2018','+yxoNp'),(399,'?????? ','???????','????????????',5,'loginDEjpa2018','cagBg7'),(400,'?????? ','?????????','????????',3,'loginDEpgx2018','c**OJQ'),(401,'???????? ','??????','?????????',1,'loginDEnng2018','E{1p}t'),(402,'?????? ','????????','????????????',3,'loginDEtmh2018','ZQ2*|q'),(403,'????????? ','??????','?????????',5,'loginDEcbm2018','puJ4i1'),(404,'?????? ','????????','???????????',3,'loginDEfae2018','pa&d4a'),(405,'???????? ','???????','??????????',2,'loginDEqzo2018','Gy3lzx'),(406,'??????? ','?????','???????????',3,'loginDEcan2018','SZKNx{'),(407,'??????? ','????????','????????????',5,'loginDEobl2018','K+rV}b'),(408,'????????? ','???????','??????????',4,'loginDEeyg2018','TOcMjG'),(409,'???????? ','?????','???????????',5,'loginDEdld2018','6OKEWQ'),(410,'????? ','?????????','?????????',2,'loginDErvs2018','V7Rly7'),(411,'???????? ','????','????????',3,'loginDEpux2018','NrtA{k'),(412,'???????? ','?????','??????????',3,'loginDEgwm2018','S2JKft'),(413,'????? ','?????','?????????',5,'loginDEecp2018','iOJ*u2'),(414,'??????? ','??????','????????',4,'loginDEvbv2018','4X6wL5'),(415,'????????? ','????','???????',5,'loginDErxe2018','0egZd8'),(416,'??????? ','?????','??????????',4,'loginDEart2018','hnNvJ6'),(417,'????????? ','????????','????????',2,'loginDEqwf2018','YD3ird'),(418,'?????? ','????????','????????',5,'loginDEszy2018','nq+dxM'),(419,'?????? ','?????????','????????',2,'loginDEbvt2018','dQdmQF'),(420,'??????? ','?????','?????????',5,'loginDEkws2018','fZj28G'),(421,'????? ','???????','??????????',2,'loginDEizo2018','0wQJ2L'),(422,'?????? ','?????','????????',3,'loginDEnnf2018','z|t5P{'),(423,'??????? ','????','?????????????',5,'loginDEcpv2018','|titk+'),(424,'??????? ','???????','???????????',1,'loginDEnsx2018','czRSi3'),(425,'????????? ','?????','?????????',3,'loginDEazz2018','uhLV9n'),(426,'???????????? ','??????','????????????',4,'loginDEjkw2018','8I8Yk1'),(427,'??????? ','?????','????????',2,'loginDEtri2018','0VC{f|'),(428,'???????? ','???????','????????????',1,'loginDEdlw2018','4tyo1M'),(429,'?????????? ','???????','??????????',4,'loginDEght2018','E3k7zP'),(430,'???????? ','??????','?????????',3,'loginDEhzq2018','QhSJos'),(431,'?????? ','??????','??????????',4,'loginDEwia2018','qVG5zl'),(432,'???????? ','?????','???????????',1,'loginDEwmh2018','YTtWqJ'),(433,'??????? ','??????','??????????',1,'loginDEndq2018','cv7LdO'),(434,'??????? ','???????','????????',5,'loginDErid2018','vMG+ko'),(435,'??????? ','???????','??????????',4,'loginDExxh2018','UgbzHK'),(436,'?????? ','????','?????????',1,'loginDEwoz2018','vAuXEx'),(437,'?????? ','?????????','?????????',4,'loginDEdjc2018','x*slLs'),(438,'????? ','????','????????????',4,'loginDEgzq2018','FwZalk'),(439,'????? ','?????','??????????',5,'loginDEefa2018','O6TkFS'),(440,'????????? ','????????','??????????',4,'loginDEcdn2018','1MtIz}'),(441,'?????? ','???????','?????????',1,'loginDEgwc2018','zWQpyU'),(442,'???????? ','????','?????????',2,'loginDEefc2018','Zaj{+Y'),(443,'????????? ','????????','???????????',2,'loginDEjef2018','J+F{R1'),(444,'????????? ','???????','??????????',5,'loginDEpib2018','VeJY8o'),(445,'???????? ','??????','????????',5,'loginDEekp2018','wvC|+L'),(446,'???????? ','?????????','?????????',3,'loginDEjzb2018','lRjz+1'),(447,'???????? ','????????','????????????',5,'loginDEdqb2018','w+Sx*+'),(448,'???? ','??????????','??????????',4,'loginDEptn2018','NXXNVO'),(449,'?????? ','?????','?????????',4,'loginDEcna2018','c4RbaU'),(450,'???????? ','???????','????????',1,'loginDEdrj2018','eD*hjv'),(451,'????????? ','????????','????????',3,'loginDEjrm2018','Cpb+Im'),(452,'??????? ','?????','?????????',2,'loginDEpxl2018','P6h4Jq'),(453,'????????? ','???????','????????????',3,'loginDEwgk2018','&mfI9l'),(454,'????? ','?????','????????',4,'loginDEpou2018','gX3f5Z'),(455,'???? ','?????????','?????????',1,'loginDEjwl2018','D4ZYHt'),(456,'??????? ','?????','?????????',4,'loginDEabf2018','*Tasm+'),(457,'????? ','??????','??????????',4,'loginDEwjm2018','k}DJKo'),(458,'??????? ','???????','????????',5,'loginDEjvz2018','&|bGTy'),(459,'????? ','????????','??????????',1,'loginDEuyv2018','8hhrZ}'),(460,'????? ','?????','????????',4,'loginDExdm2018','DH68L9'),(461,'???????? ','??????????','??????????',2,'loginDEeiv2018','H*BxlS'),(462,'??????? ','???????','??????????',5,'loginDEfuc2018','VuM+QT'),(463,'??????? ','???????','????????',3,'loginDEoot2018','usi{aT'),(464,'??????? ','?????','??????????',1,'loginDElhk2018','Okk0jY'),(465,'??????? ','??????','?????????????',5,'loginDEazg2018','s3bb|V'),(466,'?????????? ','??????','??????????',4,'loginDEaba2018','+gLxUB'),(467,'??????? ','????','???????????',3,'loginDEtco2018','tTKDJB'),(468,'???????? ','??????','?????????????',2,'loginDEsyq2018','2QbpBN'),(469,'????????? ','?????','?????????',4,'loginDEpxi2018','+5X&hy'),(470,'????????? ','??????','??????????',4,'loginDEicr2018','3+|Sn{'),(471,'???????? ','??????','?????????',2,'loginDEcui2018','Zi1Tth'),(472,'????????? ','?????','??????????',5,'loginDEpxc2018','G+nFsv'),(473,'?????? ','???????','????????',2,'loginDEqrd2018','sApUbt'),(474,'??????????? ','??????','????????',5,'loginDEsso2018','+LHGST'),(475,'?????????? ','?????','??????????',4,'loginDErsy2018','{Aa6nS'),(476,'????????? ','????','?????????????',3,'loginDEvpz2018','mS0UxK'),(477,'???????? ','????','?????????',5,'loginDEfog2018','glICay'),(478,'?????? ','???????','????????????',4,'loginDEpii2018','Ob}RZB'),(479,'??????? ','??????','??????????',5,'loginDEhyk2018','*gN}Tc'),(480,'???????? ','??????','?????????????',4,'loginDEdxi2018','ywLUbA'),(481,'???????? ','???????','????????',4,'loginDEzro2018','B24s6o'),(482,'???????? ','????','?????????',5,'loginDEuxg2018','K8jui7'),(483,'???????? ','???????','???????????',1,'loginDEllw2018','jNtNUr'),(484,'???????? ','????','????????????',1,'loginDEddg2018','gGGhvD'),(485,'?????????? ','????','????????',1,'loginDEpdz2018','+XZKSw'),(486,'?????? ','????','????????',2,'loginDEyiw2018','cnj3QR'),(487,'???????? ','?????','?????????',2,'loginDEqup2018','95AU|R'),(488,'??????? ','?????','?????????????',1,'loginDExil2018','w+++Ht'),(489,'????????? ','??????','????????',4,'loginDEkuv2018','Ade++|'),(490,'??????? ','?????','???????????',2,'loginDEmox2018','Je}9e7'),(491,'?????? ','??????','??????????',3,'loginDEvug2018','lEa{Cn'),(492,'????? ','?????????','??????????',1,'loginDEzre2018','N*VX+G'),(493,'???????? ','????????','?????????????',5,'loginDEbes2018','NaVtyH'),(494,'??????? ','??????','?????????',4,'loginDEkfg2018','r1060q'),(495,'??????? ','???????','??????????',3,'loginDEyek2018','KY2BL4'),(496,'??????? ','?????????','??????????',3,'loginDEloq2018','NZV5WR'),(497,'??????? ','??????','?????????',5,'loginDEjfb2018','TNT+}h'),(498,'???????????? ','????????','????????',3,'loginDEueq2018','GqAUZ6'),(499,'????????? ','??????','?????????',1,'loginDEpqz2018','F0Bp7F'),(500,'??????? ','???????','????????',5,'loginDEovk2018','JyJM{A'),(501,'?????? ','???????','??????????',3,'loginDEhej2018','K9Z5Vp'),(502,'????????? ','??????','????????',2,'loginDEqrj2018','PC2nrX'),(503,'??????? ','?????','???????????',1,'loginDEqca2018','hLEkgV'),(504,'???????? ','?????','????????',1,'loginDElme2018','|wu0n4'),(505,'???????? ','??????','??????????',1,'loginDEfnf2018','6cftrw'),(506,'?????? ','??????','??????????',1,'loginDEpbt2018','}}vuSH'),(507,'???????? ','??','?????????',1,'loginDEhdc2018','iF+GK&'),(508,'???????? ','???????','????????',2,'loginDEcox2018','y+vRV{'),(509,'????? ','??????','??????????',1,'loginDEsds2018','SxMndn'),(510,'???????????? ','????????','??????????',1,'loginDEbye2018','sHjuzU'),(511,'????????? ','???????','?????????',5,'loginDEakk2018','f5aZnV'),(512,'???????? ','?????????','?????????',5,'loginDEmrf2018','uEB&n4'),(513,'????? ','??????','????????????',2,'loginDEyje2018','zxEUoz'),(514,'????????? ','?????','??????????',1,'loginDEhqg2018','0Z4{o3'),(515,'??????? ','?????','?????????',1,'loginDExyv2018','wSMsO2'),(516,'?????? ','???????','?????????',5,'loginDEwoq2018','0RQ1nZ'),(517,'???????? ','????','??????????',2,'loginDEkbf2018','mBqfYS'),(518,'??????? ','???????','????????',2,'loginDEwtx2018','Ig3rQJ'),(519,'??????? ','????','?????????',3,'loginDEhio2018','3Aaqne'),(520,'??????? ','?????','???????????',1,'loginDEome2018','hAOrBa'),(521,'???????? ','?????','????????????',1,'loginDEflj2018','alo84u'),(522,'??????? ','????????','?????????',1,'loginDEnei2018','M2pIA8'),(523,'?????? ','?????','?????????????',3,'loginDEzbo2018','8km&kZ'),(524,'??????? ','??????','?????????',2,'loginDEsdu2018','}MbQZe'),(525,'??????? ','??????','???????????',5,'loginDEklp2018','kecK{O'),(526,'???????? ','??????','??????????',4,'loginDEzdc2018','Zf8mx0'),(527,'??????? ','??????','????????',5,'loginDEkzp2018','G*n9OB'),(528,'??????? ','??????','????????????',5,'loginDEdqe2018','Gzy&A6'),(529,'???????? ','??????','?????????????',2,'loginDElmm2018','dbX7VE'),(530,'????????? ','??????','?????????',4,'loginDEnhf2018','PlKjdc'),(531,'??????? ','????????','????????',5,'loginDEcrj2018','FI&nQq'),(532,'??????? ','????','??????????',3,'loginDExhd2018','8sE1Q5'),(533,'???????? ','?????','?????????',4,'loginDEgcs2018','hNDB+t'),(534,'????????? ','???????','??????????',5,'loginDEmub2018','RDXGd1'),(535,'????? ','??????','????????',3,'loginDEqms2018','|uq7Lb'),(536,'???????? ','??????','????????',1,'loginDEvqe2018','wJzfcY'),(537,'???????? ','??????','?????????',1,'loginDEupi2018','WNX1|z'),(538,'???????? ','??????','??????????',2,'loginDEwka2018','y}vBjg'),(539,'????????? ','??????','??????????',4,'loginDEkkb2018','+zE&cU'),(540,'????????? ','???????','?????????',1,'loginDEeni2018','mpWg+d'),(541,'?????????? ','????','?????????????',3,'loginDEset2018','CTN+IM'),(542,'???????? ','?????????','?????????',2,'loginDEmii2018','B84UwV'),(543,'???????? ','??????','?????????',5,'loginDEikh2018','3yKW4y'),(544,'???????? ','?????','????????',1,'loginDEaqv2018','nl0D9i'),(545,'????? ','?????','???????????',1,'loginDErgc2018','Hr9YpQ'),(546,'???????? ','?????','?????????',5,'loginDEntg2018','pVmHC0'),(547,'??????? ','?????????','???????????',5,'loginDEbuk2018','gLK7UQ'),(548,'????????? ','?????','???????????',2,'loginDEsib2018','pM3n0J'),(549,'??????? ','??????','?????????',3,'loginDEmqs2018','KRp6IW'),(550,'????????? ','????????','????????????',3,'loginDEljn2018','368eRp'),(551,'??????? ','??????','???????????????',3,'loginDEppn2018','6}i+FD'),(552,'????????? ','??????','????????????',1,'loginDElqb2018','RNynil'),(553,'???????? ','??????','????????',4,'loginDEydn2018','34I}X9'),(554,'??????? ','?????','?????????',4,'loginDEijg2018','4QlKJW'),(555,'???????? ','????????','????????????',5,'loginDEdpy2018','MJ0W|f'),(556,'??????? ','?????','??????????',5,'loginDEwdm2018','&PynqU'),(557,'???????? ','????????','?????????',5,'loginDEdup2018','JM+2{s'),(558,'??????? ','??????','??????????',4,'loginDEhbm2018','9aObu4'),(559,'???????? ','??????','????????????',3,'loginDExvq2018','hX0wJz'),(560,'??????? ','??????','?????????',3,'loginDErks2018','LQNSjo'),(561,'???????? ','??????','?????????',5,'loginDErvb2018','ceAf&R'),(562,'????? ','???????','???????????',1,'loginDEulo2018','+d0+iV'),(563,'??????? ','??????','????????????',1,'loginDEgfw2018','3c2Ic1'),(564,'??????? ','???????','???????????',3,'loginDEmxb2018','ZPXcRS'),(565,'??????? ','????','??????????',5,'loginDEgeq2018','&&Eim0'),(566,'??????? ','????','?????????',1,'loginDEkhj2018','Pbc0t{'),(567,'????????? ','??','??????????',3,'loginDEliu2018','32FyTl'),(568,'????????? ','?????','?????????',4,'loginDEsmf2018','{{O2QG'),(569,'??????? ','??????','????????',1,'loginDEutd2018','GbcJvC'),(570,'?????? ','?????????','???????????',4,'loginDEpgh2018','YV2lvh'),(571,'??????? ','????????','???????????',4,'loginDEvop2018','pBP8rO'),(572,'???????? ','???????','????????',4,'loginDEwjo2018','EQaD|d'),(573,'???????? ','?????????','?????????',5,'loginDEbur2018','aZKGeI'),(574,'??????? ','????','?????????',2,'loginDEszw2018','EGU{YE'),(575,'???????? ','???????','???????????',3,'loginDExsu2018','*2RMsp'),(576,'?????? ','????????','????????',1,'loginDEztn2018','nJBZpU'),(577,'???????? ','????????','????????????',5,'loginDEtmn2018','UObB}N'),(578,'????????? ','?????????','?????????????',3,'loginDEhep2018','SwRicr'),(579,'???????? ','??????','?????????????',3,'loginDEevr2018','zO5l}l'),(580,'?????? ','????','?????????',5,'loginDEnpa2018','M*QLjf'),(581,'???????? ','???????','?????????',2,'loginDEgyt2018','Pav+GP'),(582,'?????? ','?????????','?????????',4,'loginDEbrr2018','Z7L|+i'),(583,'?????? ','?????','??????????',4,'loginDEyoo2018','UG1BjP'),(584,'???????? ','???????','???????????',4,'loginDEaob2018','3fy+3I'),(585,'???????? ','???????','??????????',3,'loginDEwtz2018','&GxSST'),(586,'??????? ','????????','??????????',4,'loginDEctf2018','sjt*3N'),(587,'??????? ','?????','????????????',4,'loginDEipm2018','MAZl6|'),(588,'??????? ','?????????','?????????????',4,'loginDEjoi2018','o}C4jv'),(589,'?????? ','?????','?????????????',5,'loginDEwap2018','4hny7k'),(590,'?????? ','??????','??????????',4,'loginDEaxm2018','BEc3xq'),(591,'???????? ','?????','????????',5,'loginDEsmq2018','ATVmM7'),(592,'?????????? ','?????','??????????',4,'loginDEeur2018','n4V{wP'),(593,'??????? ','???????','????????',2,'loginDEvke2018','WQLXSl'),(594,'??????? ','???????','??????????',3,'loginDEvod2018','0EW93v'),(595,'????? ','??????','?????????',3,'loginDEjaw2018','h6z&Ky'),(596,'?????? ','???????','????????',4,'loginDEpdp2018','8NvRfC'),(597,'???????? ','??????','?????????',1,'loginDEjpp2018','oMOQq3'),(598,'??????? ','???????','????????????',3,'loginDEkiy2018','BQzsts'),(599,'??????? ','?????','???????????',3,'loginDEhmn2018','a|Iz|7'),(600,'???????? ','????','??????????',2,'loginDEfmn2018','cw3|03'),(601,'??????? ','??????','?????????',1,'loginDErfg2018','5ovb1N'),(602,'?????? ','?????','?????????????',4,'loginDEymi2018','nR0+pI'),(603,'?????? ','??????','?????????',3,'loginDEnbi2018','Ed*JQP'),(604,'????? ','??????','???????????',5,'loginDEhvg2018','SaHv6w'),(605,'????? ','???????','???????',3,'loginDEmbg2018','Fou{d3'),(606,'????????? ','???????','??????????',3,'loginDEubq2018','{jzW2v'),(607,'???????? ','????????','??????????',2,'loginDEosl2018','O3O}we'),(608,'???????? ','?????','????????????',2,'loginDErog2018','&W4Wtq'),(609,'???????? ','????????','?????????',4,'loginDEsku2018','fUldqr'),(610,'????????? ','??????','??????????',4,'loginDEatu2018','}nGbhZ'),(611,'???????? ','??????????','?????????????',1,'loginDEhks2018','XV|+W4'),(612,'???????? ','?????','????????????',5,'loginDEzbl2018','ih4xKJ'),(613,'???????? ','??????','????????',3,'loginDEoxa2018','mL+97r'),(614,'????? ','???????','??????????',4,'loginDEssm2018','oBrTGr'),(615,'??????? ','??????','??????????',5,'loginDEzxw2018','pX&AsH'),(616,'???????? ','??????','???????????',2,'loginDEkzo2018','n3es*S'),(617,'???????? ','?????','??????????',4,'loginDEdaq2018','dWsvBS'),(618,'???????? ','??????','?????????',2,'loginDEnjd2018','0&3HHn'),(619,'????????? ','???????','?????????',2,'loginDEluw2018','S3wj{I'),(620,'?????? ','????','??????????',1,'loginDEole2018','p+kvb6'),(621,'????????? ','????????','????????????',4,'loginDEebl2018','+t&bky'),(622,'????? ','????????','??????????',2,'loginDEfug2018','z|6cXV'),(623,'?????????? ','????????','????????????',5,'loginDEgfx2018','GFSZAB'),(624,'?????????? ','????','??????????',3,'loginDEtww2018','4icZTg'),(625,'????????? ','??????','??????????',2,'loginDElyc2018','+SJEpd'),(626,'?????????? ','???????','???????????????',5,'loginDEcbd2018','GwG*p6'),(627,'???????? ','????','????????',3,'loginDEcay2018','ehtG*H'),(628,'???? ','????????????','????????????',4,'loginDEmel2018','8zmoSV'),(629,'???????? ','???????','??????????',5,'loginDEhqk2018','KBc4A+'),(630,'???????? ','????????','???????????',5,'loginDEkny2018','v2+4Ro'),(631,'?????? ','????','????????',5,'loginDEmda2018','sG+NF0'),(632,'???????? ','????????','?????????',4,'loginDEhhf2018','d+GS5y'),(633,'????? ','??????','????????',1,'loginDEilc2018','eyRufZ'),(634,'???????? ','??????','??????????',4,'loginDEwfv2018','ZSUiGT'),(635,'??????? ','??????','????????',5,'loginDEozn2018','nndP3Q'),(636,'?????? ','??????','????????????',2,'loginDEbtr2018','FdZrI3'),(637,'??????? ','?????','????????????',3,'loginDEcuf2018','aOdzYf'),(638,'??????? ','???????','???????????',4,'loginDEtye2018','MEJjQt'),(639,'????????? ','???????','????????',3,'loginDEncq2018','GgG3m0'),(640,'???????? ','????','?????????????',1,'loginDEtmt2018','}FOh*}'),(641,'?????? ','?????','???????????',1,'loginDEyqb2018','xLmuQq'),(642,'?????? ','??????','?????????',3,'loginDExld2018','a8Vjkx'),(643,'???????? ','?????','????????????',1,'loginDEnig2018','Cm00D0'),(644,'?????????? ','???????','?????????',2,'loginDEmly2018','IZJ7O|'),(645,'????? ','???????','????????????',5,'loginDElom2018','Yg}k84'),(646,'???????????? ','?????','???????????',4,'loginDEvoa2018','RdGikC'),(647,'????? ','?????','?????????????',1,'loginDEwmq2018','ds4KAb'),(648,'?????? ','???????','???????????',1,'loginDEdba2018','D7xF6u'),(649,'??????? ','????????','????????',4,'loginDEnsr2018','VZKTog'),(650,'?????? ','??????','???????????',1,'loginDEqsc2018','UU|FkZ'),(651,'???????? ','?????????','??????????',5,'loginDEbct2018','Qg3gff'),(652,'????????? ','??????????','??????????',3,'loginDEvtg2018','ETMNzL'),(653,'??????? ','????','????????',2,'loginDEuro2018','a1MIcO'),(654,'???????? ','??????','??????????',5,'loginDEpst2018','0CyGnX'),(655,'???????? ','???????????','??????????',2,'loginDEpsu2018','Vx9cQ{'),(656,'?????? ','??????','??????????',4,'loginDEzqs2018','qM9p7i'),(657,'????? ','?????','??????????',3,'loginDEioe2018','yMPu&2'),(658,'?????? ','?????','??????????',2,'loginDEcmk2018','3f+b0+'),(659,'??????? ','??????','?????????????',5,'loginDEfsp2018','&dtlI+'),(660,'???????? ','??????','??????????',2,'loginDExcd2018','SZXZNL'),(661,'?????? ','???????','?????????????',1,'loginDEvlf2018','O5mXc2'),(662,'???????? ','????????','???????????',4,'loginDEanv2018','Xiq}M3'),(663,'??????? ','?????????','????????',1,'loginDEzde2018','tlO3x&'),(664,'???????? ','????????','??????????',2,'loginDEriv2018','GJ2mHL'),(665,'????????? ','??????????','?????????????',3,'loginDEhcp2018','n2nfRl'),(666,'???????? ','?????','???????????',1,'loginDEwjv2018','ZfseKA'),(667,'????????? ','??????','??????????',5,'loginDEiry2018','5zu7+}'),(668,'???????? ','?????','???????',3,'loginDEgbr2018','}+Ex1*'),(669,'???????? ','?????','??????????',3,'loginDExxv2018','+daE|T'),(670,'???????? ','???????','?????????',1,'loginDEbto2018','b1iYMI'),(671,'????? ','?????','?????????',4,'loginDEfbs2018','v90Rep'),(672,'??????? ','????','????????',4,'loginDEple2018','WlW+l8'),(673,'?????????? ','??????','????????',4,'loginDEhhx2018','hmCHeQ'),(674,'???????? ','?????????','?????????????',3,'loginDEayn2018','Ka2Fok'),(675,'??????? ','??????','????????',5,'loginDEwld2018','y9HStF'),(676,'??????? ','?????','??????????',4,'loginDEhuu2018','X31OEf'),(677,'?????? ','?????','?????????',5,'loginDEmjb2018','5mm{ch'),(678,'??????? ','????','????????',3,'loginDEdgp2018','1WfJjo'),(679,'????? ','?????','??????????',3,'loginDEgyi2018','|7nYPc'),(680,'???????? ','????','????????',2,'loginDEmvn2018','Mrr9e0'),(681,'?????? ','?????????','??????????',1,'loginDEfoj2018','nhGc+D'),(682,'??????????? ','????????','?????????',4,'loginDEuuo2018','42XmH1'),(683,'????? ','??????','?????????????',5,'loginDEhsj2018','s+jrMW'),(684,'??????? ','????????','?????????',3,'loginDEvht2018','zMyS8Z'),(685,'?????? ','????????','???????????',4,'loginDEeqo2018','l5CBqA'),(686,'???????? ','???????','??????????',4,'loginDExrf2018','mhpRIT'),(687,'????????? ','??????','??????????',1,'loginDEfku2018','a1m+8c'),(688,'???????? ','????????','?????????',3,'loginDExix2018','hzxtnn'),(689,'??????? ','?????????','???????????',3,'loginDEqrf2018','mI8n58'),(690,'???????? ','??????','??????????',4,'loginDEhlk2018','g0jSed'),(691,'??????????? ','??????????','????????????',3,'loginDEwoe2018','yOtw2F'),(692,'?????????? ','??????','?????????',5,'loginDExyu2018','7Fg}9p'),(693,'??????? ','?????','????????',2,'loginDEcor2018','2cIrC8'),(694,'????????? ','????????','?????????',4,'loginDEqon2018','YeFbh6'),(695,'????????? ','??????','??????????',4,'loginDEyfd2018','8aKdb0'),(696,'???????? ','????????','?????????????',5,'loginDEtto2018','qXYDuu'),(697,'???????? ','????','?????????????',2,'loginDEdal2018','cJWXL0'),(698,'????????? ','??????','?????????',3,'loginDEbjs2018','Xap2ct'),(699,'????????? ','??????','????????',4,'loginDEdof2018','kD|LRU'),(700,'???? ','??????','???????????????',4,'loginDEsnh2018','+axm5b'),(701,'????????? ','????????','?????????????',3,'loginDEftn2018','gPq+a}'),(702,'??????? ','????????','??????????',3,'loginDEhuv2018','EJFYzS'),(703,'?????? ','????','????????',4,'loginDEfhd2018','{4wU7n'),(704,'???????? ','??????','???????????',3,'loginDEaon2018','&OmaNE'),(705,'???????? ','?????','??????????????',5,'loginDEyat2018','ELSTyH'),(706,'???????? ','???????','??????????',1,'loginDEmin2018','pQ6jze'),(707,'???????? ','????????','???????????',2,'loginDEzal2018','zbU8R5'),(708,'?????????? ','??????','??????????',5,'loginDEemw2018','NxhF5I'),(709,'????????? ','??','????????',4,'loginDEmqt2018','SIasu5'),(710,'???????? ','????????','?????????',5,'loginDEpxx2018','Xv{vjN'),(711,'????????? ','????','????????????',4,'loginDEetv2018','lNi&rF'),(712,'????????? ','??????','?????????',2,'loginDEonq2018','mKIIRQ'),(713,'???????? ','????????','?????????',1,'loginDErhl2018','U}rb9j'),(714,'???????? ','???????','?????????????',4,'loginDEfou2018','O+S9hm'),(715,'???????? ','????','??????????',1,'loginDElno2018','le1vt2'),(716,'???????? ','?????','?????????????',3,'loginDEtbx2018','CQplH|'),(717,'??????? ','????','?????????',1,'loginDEltw2018','zvjkwE'),(718,'???????? ','?????','?????????',3,'loginDEfuz2018','ILry03'),(719,'????? ','????????','?????????',4,'loginDEygj2018','7b6PUb'),(720,'????????? ','?????','???????????',3,'loginDEwpn2018','9BBkXP'),(721,'????????? ','??????','?????????',5,'loginDEyix2018','6zbXg*'),(722,'????????? ','??','?????????????',4,'loginDEtms2018','70Z&Zy'),(723,'?????? ','????????','??????????',5,'loginDEmgl2018','QJNgD&'),(724,'???????? ','????','?????????????',3,'loginDEhix2018','ZKnd*0'),(725,'?????? ','??????','??????????',1,'loginDEwbk2018','iJMh5B'),(726,'???????? ','????????','?????????',1,'loginDEpwa2018','yn5MLQ'),(727,'???????? ','?????','????????????',3,'loginDElrx2018','lbX+dF'),(728,'???????? ','???????','??????????',1,'loginDEidx2018','R2j0mn'),(729,'???????? ','?????','???????',2,'loginDEzmk2018','ZrgBk6'),(730,'???????? ','????','?????????',2,'loginDEvje2018','gCU1fd'),(731,'???? ','??????????','??????????',3,'loginDEwun2018','yy+Qhe'),(732,'???????? ','???????','??????????',1,'loginDEfzq2018','36H8f}'),(733,'????? ','????????','?????????',5,'loginDEwel2018','UU5FTi'),(734,'???????? ','???????','?????????',1,'loginDEljg2018','CT44Gc'),(735,'??????? ','???????','?????????',3,'loginDEgsp2018','9ACW}r'),(736,'???????? ','????','??????????',3,'loginDEjvp2018','etLGcB'),(737,'??????? ','????????','????????',1,'loginDEapt2018','cwx{RH'),(738,'?????????? ','????','????????',5,'loginDEilb2018','IN2Ahc'),(739,'????????? ','??????','?????????',5,'loginDErch2018','|&DFy+'),(740,'?????? ','??????','??????????',1,'loginDEfwx2018','t|*wCk'),(741,'????????? ','??????','??????????',1,'loginDEggp2018','bBNxJb'),(742,'???????? ','???????????','?????????',1,'loginDEbgb2018','VtmP58'),(743,'????????? ','??????','????????????',1,'loginDEnif2018','Nhj*t+'),(744,'??????? ','????????','?????????',2,'loginDEsvs2018','tLgPnC'),(745,'?????? ','???????','????????',4,'loginDEghx2018','gue+iw'),(746,'???????? ','???????','??????????',3,'loginDElmy2018','X2LtuP'),(747,'????? ','?????????','???????????',3,'loginDEevd2018','GMbcZN'),(748,'??????? ','????','????????',5,'loginDEodd2018','s2|Eb1'),(749,'????????? ','?????','????????????',4,'loginDEmrj2018','blrD&8'),(750,'?????? ','?????','??????????',2,'loginDEyct2018','uD+|Ud'),(751,'????????????? ','????????','??????????',5,'loginDEsgg2018','qhgYnW'),(752,'???????? ','??????','?????????',4,'loginDEdcd2018','LxR6YI'),(753,'??????? ','?????','???????????',3,'loginDEisg2018','Cp8ddU'),(754,'?????? ','????','??????????',1,'loginDEcph2018','7YpE0p'),(755,'??????? ','??????','?????????',1,'loginDEgco2018','nMr|ss'),(756,'???? ','??????','???????????',4,'loginDEwjg2018','9UfqWQ'),(757,'??????? ','????','????????????',1,'loginDEjbz2018','xIAWNI'),(758,'?????? ','','?????????',1,'loginDEmgu2018','0gC3bk'),(759,'??????? ','??????','??????????',3,'loginDErdg2018','ni0ue0'),(760,'???????? ','????','???????????',3,'loginDEjtv2018','f2ZaN6'),(761,'?????? ','?????','??????????',1,'loginDEtfj2018','{{ksPn'),(762,'???????? ','???????','????????????',1,'loginDEpnb2018','{ADBdc'),(763,'?????? ','??????','????????',5,'loginDEzer2018','5&R+zs'),(764,'?????? ','?????','?????????',3,'loginDEiin2018','y9l*b}'),(765,'???????? ','?????????','?????????',1,'loginDEqda2018','|h+r}I'),(766,'???????? ','????????','??????????',5,'loginDEbnj2018','+SW2I3'),(767,'????????? ','????','??????????',1,'loginDEqte2018','dC8bDI'),(768,'???????? ','??????','????????',2,'loginDEfeo2018','8cI7vq'),(769,'????????? ','?????','????????',4,'loginDEvni2018','e4pVIv'),(770,'???????? ','??????','???????????',2,'loginDEjis2018','A9K++2'),(771,'???????? ','???????','????????',4,'loginDExvv2018','R1zh}|'),(772,'???????? ','???????','?????????',1,'loginDEadl2018','F&IWf4'),(773,'??????? ','?????????','?????????????',4,'loginDEyzn2018','P1v24R'),(774,'??????? ','?????????','???????????',2,'loginDEphn2018','F}jGsJ'),(775,'??????? ','??????','????????????',2,'loginDEdvk2018','NKNkup'),(776,'????????? ','????','??????????',2,'loginDEtld2018','c+CECK'),(777,'?????? ','??????','????????',2,'loginDEima2018','XK3sOA'),(778,'?????? ','????','?????????',4,'loginDEyfe2018','4Bbzpa'),(779,'?????? ','???','??????????',5,'loginDEwqc2018','vRtAP*'),(780,'??????? ','?????','?????????????',1,'loginDEgtt2018','7YD|BR'),(781,'???????? ','??????','?????????',4,'loginDEiwl2018','LhlmIl'),(782,'???????????? ','????','???????????',2,'loginDEyvi2018','22beR}'),(783,'??????? ','????????','????????',4,'loginDEtfz2018','uQY0ZQ'),(784,'????????? ','????????','???????????',1,'loginDEikb2018','*QkUxc'),(785,'???????? ','??????','?????????',3,'loginDEdmi2018','HOGFbU'),(786,'??????? ','?????????','??????????',1,'loginDEtlo2018','58Jxrg'),(787,'?????? ','??????','????????????',2,'loginDEsnd2018','lLHqZf'),(788,'????? ','???????','??????????',1,'loginDEgno2018','4fqLiO'),(789,'???????? ','?????','????????',4,'loginDEgnl2018','wdio{u'),(790,'????????? ','?????','??????????',2,'loginDEzna2018','yz1iMB'),(791,'????? ','?????','????????????',1,'loginDEsyh2018','&4jYGs'),(792,'????????? ','??????','???????????',4,'loginDExex2018','rnh36{'),(793,'????????? ','?????','????????????',1,'loginDEdjm2018','KjI1JR'),(794,'?????? ','?????','?????????',5,'loginDEgup2018','36|KhF'),(795,'????? ','????????','??????????',3,'loginDEdat2018','ussd8Q'),(796,'???? ','??????','?????????',2,'loginDEffj2018','cJP+HC'),(797,'?????????? ','??????','????????????',1,'loginDEisp2018','dfz5Ii'),(798,'????? ','???????','????????????',5,'loginDEfrp2018','6dcR|9'),(799,'?????????? ','????????','????????????',2,'loginDEaee2018','5&qONH'),(800,'???????? ','??????','??????????',5,'loginDEthu2018','|0xWzV'),(801,'?????? ','?????','????????',3,'loginDEdcx2018','TYlFkM'),(802,'??????? ','?????????','???????????',2,'loginDEnsa2018','LdqH+T'),(803,'??????? ','??????','?????????',4,'loginDErxm2018','8EavEy'),(804,'???????? ','????????','????????',1,'loginDEaic2018','X2adoa'),(805,'????????? ','????????','?????????',3,'loginDEwul2018','uK&3Zr'),(806,'??????????? ','?????','????????????',2,'loginDEjgl2018','++04Tb'),(807,'????????? ','?????','???????????',1,'loginDEgtk2018','pNWXhi'),(808,'??????????? ','??????','????????',5,'loginDEvrd2018','S7N9hz'),(809,'?????????? ','?????','????????',2,'loginDExky2018','Kt9EAS'),(810,'??????? ','????????','????????',4,'loginDExnj2018','IJDdP0'),(811,'????????? ','?????','??????????',3,'loginDEnbu2018','86uDLd'),(812,'???????? ','??????????','??????????',5,'loginDEiik2018','gKt2zV'),(813,'????????? ','?????','????????',1,'loginDEwyi2018','9eskgK'),(814,'?????? ','???????','????????',1,'loginDEpfr2018','mW1Q36'),(815,'??????? ','???????','?????????',1,'loginDEjct2018','3WpoK9'),(816,'???????????? ','?????','??????????',3,'loginDEsmg2018','ApH1By'),(817,'????? ','?????','?????????',1,'loginDEexu2018','Nt44pG'),(818,'???????? ','?????','?????????',1,'loginDEztr2018','MYCgB7'),(819,'????????? ','??????','?????????',4,'loginDEwrc2018','SktJa|'),(820,'????? ','???????','????????????',2,'loginDEzjs2018','|x{s+X'),(821,'??????? ','?????','??????????',3,'loginDEeka2018','mLZvLv'),(822,'?????? ','?????','?????????',1,'loginDEepr2018','BG6tpN'),(823,'???????? ','??????','????????????',4,'loginDEsnq2018','hrD}}g'),(824,'???????? ','??????','??????????',4,'loginDEvqn2018','LPa|e3'),(825,'???????? ','??????','??????????',3,'loginDEery2018','*I0Rdi'),(826,'?????? ','????????','??????????',3,'loginDElqv2018','Hqfw17'),(827,'????? ','????','??????????',3,'loginDEtuz2018','Yln7JW'),(828,'???? ','???????????','???????????',2,'loginDEllr2018','hXtdCD'),(829,'?????? ','????????','???????????',5,'loginDEisy2018','5k5dHN'),(830,'?????????? ','??????','???????????',2,'loginDEqiv2018','h+N2uW'),(831,'??????? ','?????','?????????',4,'loginDEmfu2018','{ZpDBn'),(832,'?????? ','?????','????????',3,'loginDEgbd2018','+86Nf*'),(833,'??????? ','???????','????????',4,'loginDEkdg2018','R0tt07'),(834,'????????? ','??????','??????????',4,'loginDEjrs2018','MVg{yd'),(835,'?????? ','?????','??????????',5,'loginDEmvd2018','wyLDa{'),(836,'?????? ','?????','????????',1,'loginDEctc2018','B&dlx+'),(837,'??????????? ','??????','?????????',4,'loginDEavf2018','oDTttg'),(838,'????? ','???????','????????',1,'loginDEako2018','tD8J5+'),(839,'??????? ','????????','?????????',5,'loginDEzrg2018','WXIgGi'),(840,'??????? ','????','??????????',2,'loginDEdwq2018','WkTaBP'),(841,'???????? ','???????','???????????',5,'loginDEszg2018','NWkAVP'),(842,'?????????? ','????','??????????',5,'loginDEmeh2018','HQ+m4W'),(843,'??????????? ','?????????','??????????',5,'loginDEpwm2018','be7AT0'),(844,'?????? ','??????','??????????',1,'loginDEnaq2018','I8c5EB'),(845,'???????? ','???????','????????',3,'loginDEtuk2018','6aDAzV'),(846,'????????? ','???????','????????????',2,'loginDEhsb2018','n|I6A0'),(847,'???????? ','????','???????????',1,'loginDEaoi2018','Dl58m|'),(848,'??????? ','???????','?????????',3,'loginDErmk2018','D3GuIv'),(849,'???????? ','????????','??????????',2,'loginDEfnd2018','74D9|d'),(850,'???? ','?????????','?????????',1,'loginDEtza2018','A7Qldh'),(851,'????????? ','????????','????????????',1,'loginDEnoq2018','qyKzu6'),(852,'???????? ','?????','?????????????',3,'loginDEmid2018','CVjLBK'),(853,'????????? ','?????','????????????',5,'loginDEaua2018','OJgRk4'),(854,'??????? ','???????','?????????????',1,'loginDEvvs2018','oBv+5G'),(855,'?????? ','?????','??????????',4,'loginDEhne2018','Lidn5o'),(856,'????????? ','?????','?????????????',3,'loginDEksx2018','gLTUuE'),(857,'??????????? ','???????','??????????',4,'loginDEota2018','xc&O3U'),(858,'???????? ','??????','??????????',4,'loginDEcda2018','Ji63Jt'),(859,'?????? ','?????','????????????',5,'loginDEhjr2018','4aeumW'),(860,'??????? ','???????','??????????',4,'loginDEtps2018','G&lq7J'),(861,'????? ','??????','??????????',1,'loginDEwdj2018','xj+&hg'),(862,'???????? ','????????','?????????',1,'loginDEgtc2018','ysRjen'),(863,'??????? ','????','?????????????',2,'loginDEeib2018','DN0Zs&'),(864,'?????????? ','?????','???????????',2,'loginDEzjn2018','E8c864'),(865,'??????? ','??????','?????????',5,'loginDEdsm2018','dQPs1p'),(866,'????????? ','??????','????????????',2,'loginDEuxs2018','5FVwny'),(867,'????? ','??????','??????????',5,'loginDExss2018','AiQQ|q'),(868,'??????? ','?????','?????????',2,'loginDEtog2018','TE757+'),(869,'?????? ','?????????','??????????',3,'loginDEjfr2018','nxLt10'),(870,'?????? ','????????','???????????',5,'loginDEcnj2018','QCQd0Z'),(871,'????????? ','?????','????????',2,'loginDEnsz2018','WS}BK1'),(872,'??????? ','?????','??????????',3,'loginDEgva2018','SXlY&e'),(873,'????????? ','??????','????????',3,'loginDErgi2018','ROPHET'),(874,'???????? ','?????','????????',1,'loginDEgho2018','kDKj}M'),(875,'??????? ','????????','????????',5,'loginDEgmb2018','czGJP5'),(876,'?????????? ','??????','??????????',3,'loginDEunc2018','M*DY73'),(877,'??????? ','?????????','??????????',2,'loginDEatn2018','h{QXsQ'),(878,'??????? ','????????','?????????????',4,'loginDEwlw2018','9gIoYv'),(879,'????????? ','??????','??????????',5,'loginDEunh2018','nhp6F0'),(880,'??????????? ','?????','???????????',1,'loginDEzvg2018','NEACzR'),(881,'??????? ','???????','?????????',5,'loginDEhhe2018','LKkrzY'),(882,'?????? ','????','???????????',1,'loginDEfjj2018','dyv&fw'),(883,'???????????? ','?????','??????????',2,'loginDEtun2018','}TKwPx'),(884,'??????? ','????','????????',5,'loginDEmym2018','WhDPfl'),(885,'????? ','??????','???????????',3,'loginDEmxi2018','uEQkUn'),(886,'????????? ','?????','????????',3,'loginDEeiw2018','bLgTtm'),(887,'???????? ','????????','?????????',2,' loginDEotu2018','o5BP5N'),(888,'?????? ','???????','??????????',2,'loginDEiui2018','ce4&gT'),(889,'???????? ','??????','????????',1,'loginDEcsm2018','*X3Tl8'),(890,'????? ','????','?????????',4,'loginDEgwr2018','xhCEUR'),(891,'??????? ','????????','??????????',1,'loginDEjcu2018','2+JLPl'),(892,'????? ','??????','???????????',3,'loginDExyn2018','IFFTHr'),(893,'??????? ','??????','?????????',4,'loginDEzpz2018','PRI8h7'),(894,'????????? ','???????','????????',5,'loginDEhic2018','OPCVb1'),(895,'??????? ','?????','?????????',5,'loginDEiwx2018','9{rX8I'),(896,'??????? ','?????????','????????',5,'loginDEmos2018','gC*38U'),(897,'???????? ','??????','?????????',1,'loginDEqov2018','AIINBG'),(898,'?????? ','???????','???????????',4,'loginDEket2018','TN4H+S'),(899,'????? ','?????','?????????????',2,'loginDEayo2018','wHQKY5'),(900,'?????? ','??????','?????????',5,'loginDEryt2018','XcFoH*'),(901,'??????? ','??????','????????????',3,'loginDEsvp2018','4kES&p'),(902,'???? ','?????','??????????',2,'loginDEiks2018','FXV&W*'),(903,'?????? ','????????','???????????',4,'loginDEhyt2018','3E{ZDm'),(904,'??????????? ','?????','?????????',4,'loginDExkt2018','2EyCBy'),(905,'??????? ','????','??????????',3,'loginDEjyt2018','E&Ac|h'),(906,'????????? ','???????','????????',3,'loginDErvn2018','6G+AZH'),(907,'??????? ','?????????','???????????',1,'loginDEitl2018','BECfk*'),(908,'???????? ','???????????','???????????',1,'loginDEpfw2018','3kY3&K'),(909,'???????? ','???????','???????????',1,'loginDEide2018','dFR{Aq'),(910,'?????? ','??????','????????',3,'loginDEtur2018','+yv5+x'),(911,'??????? ','???','???????',5,'loginDEtwc2018','oqx3Pv'),(912,'???????? ','???????','??????????',2,'loginDEslj2018','YP*v6E'),(913,'????? ','??????','????????',5,'loginDEkxx2018','GhlUU&'),(914,'????????? ','?????????','?????????',3,'loginDEvdz2018','OhnHez'),(915,'??????? ','?????????','??????????',2,'loginDEnvw2018','blqZ85'),(916,'?????? ','?????????','???????',3,'loginDEdno2018','PJ05BT'),(917,'????????? ','??????','????????',1,'loginDEmmc2018','8a0pbC'),(918,'?????? ','????????','??????????',1,'loginDEckd2018','apfX0U'),(919,'???????? ','??????','?????????',5,'loginDEbbm2018','l4tp}r'),(920,'???????? ','???????','?????????????',1,'loginDEppq2018','Wgi6Ff'),(921,'??????? ','???????','????????',4,'loginDEmnq2018','laFpJG'),(922,'?????? ','???????','?????????',1,'loginDEmqg2018','4*M&VK'),(923,'??????? ','???????','??????????',1,'loginDEazm2018','2seWAw'),(924,'??????? ','?????????','?????????',3,'loginDEapw2018','NX6N*N'),(925,'??????? ','?????','????????',3,'loginDEtic2018','gIXztH'),(926,'????????? ','???','???????????',2,'loginDEfgs2018','+H9B17'),(927,'??????? ','????????','?????????',2,'loginDEdrt2018','wg*xRp'),(928,'????????? ','??????','????????',1,'loginDErtg2018','bg7NzS'),(929,'????????? ','???????','??????????',1,'loginDEijp2018','*V969Y'),(930,'??????? ','?????','??????????',3,'loginDEpnl2018','jinnCV'),(931,'???????? ','?????','????????',3,'loginDExjm2018','0PYqey'),(932,'?????? ','???????','?????????????',4,'loginDEecw2018','V8}GOZ'),(933,'????? ','??????','?????????',5,'loginDEdzx2018','+iBUvT'),(934,'??????? ','????????','?????????',2,'loginDEaaf2018','SIBZnG'),(935,'??????? ','?????','????????????',4,'loginDEqtm2018','fsKT+2'),(936,'???????? ','???????','??????????',4,'loginDEfzb2018','0Q6cQY'),(937,'???????? ','??????','???????????',2,'loginDErqv2018','2LK9Pw'),(938,'????????? ','???????????','???????????',3,'loginDEzwx2018','3tICV1'),(939,'???????? ','???????','??????????',2,'loginDEjzi2018','5cDW2|'),(940,'????????? ','????????','?????????',2,'loginDEsjj2018','wuVex4'),(941,'??????????? ','????????','??????????',1,'loginDEidz2018','G5DP2D'),(942,'????? ','???????','???????????',3,'loginDEtqb2018','Y+Dq4P'),(943,'???????? ','????','????????',2,'loginDEcdz2018','e1oDkm'),(944,'?????? ','?????','?????????',NULL,'loginDEoio2018','wHOAvL'),(945,'?????? ','????????','??????????',5,'loginDEljv2018','utbJSk'),(946,'????????? ','?????','????????',1,'loginDEcfc2018','GxVX}g'),(947,'????????? ','???','?????????',1,'loginDEofx2018','dMTmGz'),(948,'?????????? ','????????','?????????',4,'loginDEhns2018','oX7tXV'),(949,'?????? ','???????','?????????',5,'loginDExrk2018','8&vYwK'),(950,'???????? ','????????','????????????',1,'loginDEscf2018','O|o5A+'),(951,'??????? ','?????????','??????????',2,'loginDEyua2018','rW71Ck'),(952,'???????? ','??????','????????????',1,'loginDEgkj2018','yXC+SX'),(953,'???????? ','?????????','?????????',1,'loginDEtad2018','cp1gN+'),(954,'??????? ','????','??????????',1,'loginDEsan2018','q7Qx66'),(955,'???????? ','?????????','??????????',3,'loginDEgbx2018','qrB{e1'),(956,'??????? ','??????????','???????????',1,'loginDEusz2018','0||9by'),(957,'????????????? ','??????','????????',1,'loginDEanl2018','EcBP7N'),(958,'????????? ','?????','?????????',5,'loginDEgzu2018','AkAXti'),(959,'?????? ','?????','???????',1,'loginDEriw2018','W39VRH'),(960,'????????? ','????????','??????????',1,'loginDEuup2018','yJ}w5s'),(961,'???????? ','??????','????????',3,'loginDExeu2018','dObOMp'),(962,'????????? ','????','?????????????',2,'loginDElkp2018','TA6grZ'),(963,'??????? ','??????','??????????',3,'loginDEzfz2018','GzUp*R'),(964,'??????? ','?????','??????????',2,'loginDEkhc2018','+4+F+o'),(965,'?????? ','????','??????????',4,'loginDEwsi2018','8|JAAt'),(966,'???????? ','???','?????????',5,'loginDExhs2018','g+wDAX'),(967,'????????? ','????','???????????',5,'loginDEmad2018','cRKuGW'),(968,'?????? ','??????','????????',4,'loginDEpav2018','7eur3a'),(969,'?????????? ','????????','??????????',4,'loginDEave2018','|+aXyG'),(970,'???????? ','??????','?????????',3,'loginDEkro2018','N5|}vM'),(971,'??????? ','????????','????????????',4,'loginDEdsu2018','aZZhZQ'),(972,'????????? ','????','????????',1,'loginDEfuv2018','xSvieW'),(973,'??????? ','?????','??????????',4,'loginDEsnk2018','lkR1ZZ'),(974,'???????? ','?????','???????????',1,'loginDEppv2018','yg1DH+'),(975,'????? ','???????','??????????',4,'loginDEkzy2018','DpvYbd'),(976,'?????? ','???????','??????????',3,'loginDEpmj2018','0{6txi'),(977,'?????? ','?????','???????????',2,'loginDEagt2018','HDZ&8{'),(978,'???????? ','????','???????????',1,'loginDEmch2018','IC2+2a'),(979,'????? ','?????','???????????',5,'loginDEzeq2018','WlZOJ3'),(980,'????? ','????????','??????????',5,'loginDEdts2018','lyy5BX'),(981,'??????? ','???????','??????????',5,'loginDEgdn2018','rkaUu0'),(982,'??????????? ','???????','?????????',5,'loginDEmvy2018','3Y}DMk'),(983,'???????? ','?????????','???????????',1,'loginDEjtt2018','eKlTzd'),(984,'?????? ','???????','????????????',3,'loginDEmty2018','J20FCe'),(985,'?????? ','?????','??????????',4,'loginDEjmx2018','i{OH{c'),(986,'??????? ','?????','?????????',3,'loginDEygt2018','zDTc9&'),(987,'????????? ','??????','?????????????',5,'loginDEypc2018','vtxvjy'),(988,'???????? ','???????','?????????????',4,'loginDErip2018','re53rs'),(989,'?????????? ','????','????????',5,'loginDEahk2018','|tP8kR'),(990,'????????? ','?????','??????????',3,'loginDEbid2018','DeyUEY'),(991,'???? ','?????????','?????????',3,'loginDEupo2018','Az*YxR'),(992,'???????? ','????????','?????????????',5,'loginDEvel2018','dA5Kk+'),(993,'??????? ','???????','??????????',5,'loginDEnpc2018','AozkWP'),(994,'??????? ','????????','?????????',NULL,'loginDEigv2018','ZOYxOn'),(995,'?????????? ','?????','???????????',1,'loginDEwrl2018','CeSxSp'),(996,'??????? ','?????????','?????????',2,'loginDEbbl2018','BXfnEL'),(997,'?????? ','???????????','????????????',1,'loginDEteq2018','YI+ss5'),(998,'????????? ','????','?????????????',2,'loginDEdis2018','|1+hrs'),(999,'???????? ','????','??????????????',3,'loginDElsk2018','h0OP2P'),(1000,'??????? ','?????','????????',4,'loginDEegj2018','52*BRY'),(1001,'second','first','middle',3,'root','root'),(1003,'second2','first2','middle2',1,'root2','ROOT2');
/*!40000 ALTER TABLE `users` ENABLE KEYS */;
UNLOCK TABLES;

--
-- Temporary view structure for view `usersv`
--

DROP TABLE IF EXISTS `usersv`;
/*!50001 DROP VIEW IF EXISTS `usersv`*/;
SET @saved_cs_client     = @@character_set_client;
/*!50503 SET character_set_client = utf8mb4 */;
/*!50001 CREATE VIEW `usersv` AS SELECT 
 1 AS `userId`,
 1 AS `secondName`,
 1 AS `firstName`,
 1 AS `middleName`,
 1 AS `roleName`,
 1 AS `login`,
 1 AS `userpassword`*/;
SET character_set_client = @saved_cs_client;

--
-- Final view structure for view `furnituresv`
--

/*!50001 DROP VIEW IF EXISTS `furnituresv`*/;
/*!50001 SET @saved_cs_client          = @@character_set_client */;
/*!50001 SET @saved_cs_results         = @@character_set_results */;
/*!50001 SET @saved_col_connection     = @@collation_connection */;
/*!50001 SET character_set_client      = utf8mb4 */;
/*!50001 SET character_set_results     = utf8mb4 */;
/*!50001 SET collation_connection      = utf8mb4_0900_ai_ci */;
/*!50001 CREATE ALGORITHM=UNDEFINED */
/*!50013 DEFINER=`root`@`localhost` SQL SECURITY DEFINER */
/*!50001 VIEW `furnituresv` AS select `furnitures`.`furnitureId` AS `furnitureId`,`furnitures`.`article` AS `article`,`furnitures`.`furnitureName` AS `furnitureName`,`furnitures`.`count` AS `count`,`measures`.`measureName` AS `measureName`,`fragmenttypes`.`fragmentTypeName` AS `fragmentTypeName`,`furnitures`.`price` AS `price` from ((`furnitures` left join `measures` on((`furnitures`.`measureId` = `measures`.`measureId`))) left join `fragmenttypes` on((`furnitures`.`fragmentTypeId` = `fragmenttypes`.`fragmentTypeId`))) */;
/*!50001 SET character_set_client      = @saved_cs_client */;
/*!50001 SET character_set_results     = @saved_cs_results */;
/*!50001 SET collation_connection      = @saved_col_connection */;

--
-- Final view structure for view `materialsv`
--

/*!50001 DROP VIEW IF EXISTS `materialsv`*/;
/*!50001 SET @saved_cs_client          = @@character_set_client */;
/*!50001 SET @saved_cs_results         = @@character_set_results */;
/*!50001 SET @saved_col_connection     = @@collation_connection */;
/*!50001 SET character_set_client      = utf8mb4 */;
/*!50001 SET character_set_results     = utf8mb4 */;
/*!50001 SET collation_connection      = utf8mb4_0900_ai_ci */;
/*!50001 CREATE ALGORITHM=UNDEFINED */
/*!50013 DEFINER=`root`@`localhost` SQL SECURITY DEFINER */
/*!50001 VIEW `materialsv` AS select `materials`.`materialId` AS `materialId`,`materials`.`article` AS `article`,`materials`.`materialName` AS `materialName`,`measures`.`measureName` AS `measureName`,`materials`.`length` AS `length`,`materials`.`count` AS `count`,`materials`.`price` AS `price`,`materialtypes`.`materialTypeName` AS `materialTypeName`,`gosts`.`gostName` AS `gostName`,`specializations`.`specializationName` AS `specializationName` from ((((`materials` left join `measures` on((`materials`.`measureId` = `measures`.`measureId`))) left join `materialtypes` on((`materials`.`materialTypeId` = `materialtypes`.`materialTypeId`))) left join `gosts` on((`materials`.`gostId` = `gosts`.`gostId`))) left join `specializations` on((`materials`.`specializationId` = `specializations`.`specializationId`))) */;
/*!50001 SET character_set_client      = @saved_cs_client */;
/*!50001 SET character_set_results     = @saved_cs_results */;
/*!50001 SET collation_connection      = @saved_col_connection */;

--
-- Final view structure for view `usersv`
--

/*!50001 DROP VIEW IF EXISTS `usersv`*/;
/*!50001 SET @saved_cs_client          = @@character_set_client */;
/*!50001 SET @saved_cs_results         = @@character_set_results */;
/*!50001 SET @saved_col_connection     = @@collation_connection */;
/*!50001 SET character_set_client      = utf8mb4 */;
/*!50001 SET character_set_results     = utf8mb4 */;
/*!50001 SET collation_connection      = utf8mb4_0900_ai_ci */;
/*!50001 CREATE ALGORITHM=UNDEFINED */
/*!50013 DEFINER=`root`@`localhost` SQL SECURITY DEFINER */
/*!50001 VIEW `usersv` AS select `users`.`userId` AS `userId`,`users`.`secondName` AS `secondName`,`users`.`firstName` AS `firstName`,`users`.`middleName` AS `middleName`,`roles`.`roleName` AS `roleName`,`users`.`login` AS `login`,`users`.`userpassword` AS `userpassword` from (`users` left join `roles` on((`users`.`roleId` = `roles`.`roleId`))) */;
/*!50001 SET character_set_client      = @saved_cs_client */;
/*!50001 SET character_set_results     = @saved_cs_results */;
/*!50001 SET collation_connection      = @saved_col_connection */;
/*!40103 SET TIME_ZONE=@OLD_TIME_ZONE */;

/*!40101 SET SQL_MODE=@OLD_SQL_MODE */;
/*!40014 SET FOREIGN_KEY_CHECKS=@OLD_FOREIGN_KEY_CHECKS */;
/*!40014 SET UNIQUE_CHECKS=@OLD_UNIQUE_CHECKS */;
/*!40101 SET CHARACTER_SET_CLIENT=@OLD_CHARACTER_SET_CLIENT */;
/*!40101 SET CHARACTER_SET_RESULTS=@OLD_CHARACTER_SET_RESULTS */;
/*!40101 SET COLLATION_CONNECTION=@OLD_COLLATION_CONNECTION */;
/*!40111 SET SQL_NOTES=@OLD_SQL_NOTES */;

-- Dump completed on 2020-11-25 17:29:21
